"","GalID","RA","DEC","Z","GroupID"
"1",1,19.76664,10.0452636,0.0538984419136195,1
"2",2,19.77065,10.1323532,0.0536354397572634,1
"3",3,19.71966,10.0819329,0.0538394414298742,1
"4",5,19.88295,10.1117268,0.053340437338537,1
"5",6,19.79701,10.0366693,0.0526194314270056,1
"6",7,19.79644,10.0366693,0.0523694293772374,1
"7",8,19.71909,10.0825059,0.0538334413806798,1
"8",9,19.77867,10.0504203,0.0550984517525068,1
"9",10,19.75117,10.040107,0.0544604465214984,1
"10",11,19.76607,10.0452636,0.0538374414134761,1
"11",12,11.63694,13.3025287,0.0534984386339905,281
"12",13,11.55616,13.2354927,0.053341437346736,281
"13",14,11.67075,13.2996639,0.0532814368547917,281
"14",15,11.64611,13.3277389,0.054455446480503,281
"15",16,11.63351,13.2137203,0.0527164322223156,281
"16",17,11.65184,13.325447,0.0537444406509623,281
"17",18,20.30694,12.42475737,0.0543944459803596,3
"18",19,20.25538,12.39152582,0.0538514415282631,3
"19",20,20.3545,12.32219793,0.0549474505144468,3
"20",21,20.39002,12.27922609,0.0546284478989426,3
"21",22,20.33731,12.52903569,0.0545174469888455,3
"22",23,20.31611,12.40012019,0.0542894451194569,3
"23",24,20.30751,12.49351231,0.0541764441929617,3
"24",25,20.32127,12.4379354,0.0544784466690817,3
"25",26,13.37702,12.98109939,0.0518774253432936,4
"26",28,13.32373,12.95703516,0.0518434250645252,4
"27",33,20.14995,12.15661312,0.0539024419464158,5
"28",34,20.18547,12.18526101,0.0545084469150539,5
"29",35,20.16943,12.17609369,0.0531634358873011,5
"30",36,20.04109,12.14859171,0.0540884434714433,5
"31",37,20.17058,12.20474158,0.0537854409871243,5
"32",38,20.06974,12.093587766,0.0541454439387905,5
"33",40,12.49982,13.0212064,0.0518804253678909,6
"34",41,12.47461,13.0103202,0.0519224257122519,6
"35",42,12.54967,12.97938052,0.0513214207846092,6
"36",43,12.53076,13.0103202,0.0528524333373895,6
"37",44,12.51643,13.0332385,0.0522414283277561,6
"38",45,12.50039,13.0939721,0.0519674260812102,6
"39",47,21.48208,12.20187679,0.0537494406919577,7
"40",48,21.47176,12.24885933,0.0530974353461623,7
"41",54,13.52198,13.747144,0.0532594366744121,8
"42",56,13.53,13.7494358,0.0534074378878749,8
"43",58,14.36881,12.7610836,0.0489954017135662,9
"44",59,11.74409,13.9436685,0.0517254240970346,10
"45",60,11.69768,13.9075721,0.0521154272946729,10
"46",61,11.75154,13.9511169,0.0512464201696788,10
"47",62,11.19347,12.83384924,0.0522894287213116,11
"48",63,11.17915,12.84645431,0.0520274265731545,11
"49",64,20.02791,13.6818268,0.0548474496945395,12
"50",65,20.03421,13.6233851,0.0551354520558724,12
"51",67,13.66636,12.82811966,0.0520494267535341,13
"52",68,13.63084,12.78743966,0.0520054263927749,13
"53",69,12.84016,12.1841151,0.0434423561841155,14
"54",70,12.86307,12.16635341,0.0438973599146936,14
"55",71,12.85734,12.18182327,0.0438593596031289,14
"56",72,15.55769,12.17609369,0.0522714285737283,15
"57",73,15.6339,12.14343509,0.0519034255564695,15
"58",74,12.37549,10.7448451,0.0440833614397211,16
"59",75,12.38866,10.7408344,0.0440413610953601,16
"60",76,12.35715,10.732813,0.0441803622350312,16
"61",82,17.61117,11.56933138,0.0533644375353147,17
"62",83,17.50976,11.58422829,0.0535594391341339,17
"63",85,17.28688,11.06169078,0.0523064288606958,18
"64",86,17.2611,11.00611387,0.0523844295002235,18
"65",90,10.20283,13.9310634,0.043765358832416,19
"66",91,10.19653,13.9316364,0.0437013583076754,19
"67",93,18.7611,12.37204525,0.0546174478087528,20
"68",94,18.73589,12.3903799,0.0546824483416925,20
"69",95,21.29128,12.76394839,0.0543514456277994,21
"70",96,21.29988,12.68316134,0.0540914434960406,21
"71",97,12.3371,12.78801261,0.0432603546918843,22
"72",98,16.87206,12.59034217,0.0526834319517462,23
"73",99,14.70456,12.47288583,0.0521474275570433,24
"74",100,14.71831,12.45856188,0.0522144281063811,24
"75",104,11.94921,13.5666623,0.0531994361824677,25
"76",105,12.01395,13.5408792,0.0532614366908102,25
"77",108,19.69674,13.2314819,0.0547464488664332,26
"78",109,19.69731,13.2377845,0.0543834458901698,26
"79",110,12.25402,12.6768588,0.0434423561841155,22
"80",112,21.78403,10.3414828,0.0501704113474766,27
"81",113,21.78804,10.3454935,0.0503624129216985,27
"82",114,20.85011,12.20130383,0.0542924451440542,28
"83",123,19.54548,13.271016,0.0546284478989426,29
"84",125,20.50461,12.01967621,0.0549554505800394,30
"85",126,20.49086,12.0007686032,0.0547604489812202,30
"86",127,17.88104,11.5487049,0.0480923943098035,31
"87",130,15.18126,13.8348065,0.0532874369039861,32
"88",131,15.17267,13.842255,0.0534384381420461,32
"89",139,18.35545,10.2521014,0.052763432607672,33
"90",140,18.33482,10.2543932,0.0530074346082458,33
"91",142,18.70953,11.24618319,0.0536264396834718,34
"92",146,15.6826,11.4089032,0.0517754245069882,35
"93",147,20.47539,13.026936,0.0542614448898829,36
"94",149,11.22384,12.86937262,0.052405429672404,11
"95",155,16.84284,13.434309,0.0528144330258248,37
"96",156,16.86404,13.5208256,0.0526294315089963,37
"97",158,20.06515,13.1025664,0.0547424488336369,38
"98",165,12.02999,12.98511009,0.0429973525355282,39
"99",166,12.09474,13.068189,0.0432193543557223,39
"100",167,17.28917,12.73300867,0.0475553899069015,40
"101",168,17.28001,12.7393112,0.0474473890214016,40
"102",171,21.35775,12.45798892,0.0534224380108609,41
"103",193,16.67324,12.6550864,0.0524284298609827,23
"104",196,20.00843,13.2790374,0.0549634506456319,38
"105",197,19.98551,13.2601298,0.0549484505226459,38
"106",201,13.48702,13.2417952,0.0516954238510624,42
"107",203,20.03135,13.1867912,0.0543834458901698,38
"108",211,15.60009,11.47020968,0.0517944246627706,35
"109",229,17.92859,11.47020968,0.0480673941048267,31
"110",248,17.90969,12.76738613,0.0541494439715868,43
"111",253,15.37836,13.4910318,0.0538724417004436,44
"112",256,18.19273,11.39171447,0.0534904385683979,45
"113",263,18.61156,11.78934718,0.0540484431434804,46
"114",267,20.91198,13.9471062,0.0541094436436239,47
"115",268,18.56973,11.80080633,0.0541344438486007,46
"116",269,21.38124,12.49924188,0.0536534399048467,41
"117",275,18.63333,11.17742825,0.0535724392407218,34
"118",278,16.88581,12.6619619,0.0527684326486674,23
"119",287,20.96298,13.9024155,0.054056443209073,47
"120",289,14.40204,12.83556811,0.0490114018447513,9
"121",293,12.21277,12.77483458,0.0427763507235331,22
"122",294,20.37856,13.0389681,0.05446944659529,36
"123",298,15.35086,13.5076476,0.0538814417742353,44
"124",304,11.58538,13.2933614,0.0536624399786384,281
"125",308,20.86672,12.12796523,0.0537024403066013,28
"126",310,17.95151,12.78285599,0.0540794433976517,43
"127",314,18.26377,11.34415897,0.053436438125648,45
"128",320,16.78726,12.65680528,0.0529564341900931,23
"129",324,13.40395,13.24466,0.0510724187430401,42
"130",327,19.58387,13.3237282,0.0548764499323126,29
"131",328,11.99332,13.5001992,0.0535764392735181,25
"132",335,19.94655,13.8995507,0.0353662899684046,48
"133",336,19.95171,13.9047074,0.0352332888779279,48
"134",337,19.91848,13.8737676,0.0352462889845158,48
"135",338,19.34323,13.8319417,0.0354062902963675,49
"136",339,19.38448,13.7849592,0.0356662924281264,49
"137",340,19.40396,13.7694893,0.0357182928544781,49
"138",341,19.48818,13.7987102,0.0353082894928583,49
"139",342,17.12301,12.76681318,0.0380913123108776,50
"140",343,17.09666,12.7353005,0.0381633129012108,50
"141",344,17.11385,12.64133542,0.038371314606618,50
"142",345,20.3247,10.5872817,0.0370003033656893,51
"143",346,20.26798,10.5466017,0.0367583013815137,51
"144",349,20.62665,11.06226373,0.0368623022342173,52
"145",364,20.60488,10.9660068,0.0370583038412355,52
"146",378,17.96354,13.4824375,0.0264912172016345,53
"147",379,17.59227,13.8113152,0.0267272191366156,54
"148",380,17.37569,12.84015177,0.0268452201041062,55
"149",381,17.42382,12.87853995,0.0275482258680543,55
"150",382,17.38027,12.83900586,0.0271342224736382,55
"151",383,17.4582,12.68831796,0.0262972156110144,55
"152",384,17.37798,12.84187065,0.0270772220062911,55
"153",385,17.47882,12.60695795,0.0264802171114447,55
"154",386,19.00289,12.34798103,0.0277872278276327,56
"155",388,19.02352,12.44481089,0.0275402258024617,56
"156",389,18.98169,12.40355793,0.0276162264255912,56
"157",390,18.98284,12.43965427,0.0274922254089062,56
"158",391,18.99888,12.45512413,0.0278212281064012,56
"159",393,16.89154,11.6885066,0.0271872229081891,57
"160",394,16.88409,11.67647449,0.0265762178985556,57
"161",395,16.87951,11.67991224,0.0266822187676574,57
"162",396,18.82355,12.73186275,0.0266482184888889,58
"163",397,18.84819,12.7501974,0.0260002131758898,58
"164",398,18.77084,12.75077036,0.0263422159799727,58
"165",399,17.19005,13.502491,0.0264182166031022,59
"166",400,17.60888,13.352949,0.0266062181445278,60
"167",401,17.38486,13.4950425,0.0267222190956203,59
"168",402,17.37684,13.6193744,0.0261872147091164,59
"169",403,17.09036,13.5093665,0.0264952172344308,59
"170",404,16.78955,12.49465822,0.0269892212847727,61
"171",405,16.71851,12.57315344,0.0267552193661897,61
"172",406,16.79414,12.49351231,0.0268252199401247,61
"173",409,17.73092,13.3982127,0.0263432159881717,60
"174",410,16.77122,12.54393259,0.0268342200139164,61
"175",411,16.79242,12.52559794,0.0266282183249074,61
"176",412,16.89211,12.6252926,0.0270382216865272,61
"177",414,15.58749,11.911960145,0.0264662169966577,62
"178",415,15.59035,11.905084651,0.026470217029454,62
"179",416,17.5957,13.8227744,0.0266802187512592,54
"180",417,16.22233,12.093014808,0.0271822228671937,63
"181",418,16.23092,12.10103622,0.0272652235477167,63
"182",419,20.68051,13.8571519,0.0274682252121285,64
"183",420,20.68739,13.8497034,0.0273632243512259,64
"184",424,20.98303,12.99427742,0.027764227639054,65
"185",426,18.15606,13.7247986,0.0269222207354348,66
"186",427,17.8226,13.6279687,0.0263212158077921,67
"187",428,17.82432,13.6279687,0.0261062140449915,67
"188",429,17.6954,11.75554267,0.0271952229737817,68
"189",437,17.0789,13.4961884,0.0267212190874212,59
"190",443,20.9223,13.1048583,0.0275092255482905,65
"191",444,18.70323,13.2761727,0.0270572218423096,69
"192",445,13.91674,10.8714688,0.0221801818554321,70
"193",449,19.13123,12.21620073,0.0262042148485006,71
"194",450,18.22653,13.6445845,0.0269732211535875,66
"195",452,20.75213,13.1243388,0.0275232256630775,65
"196",459,17.03249,12.95531629,0.0274362249497582,72
"197",460,17.45648,12.4379354,0.0264822171278428,55
"198",468,18.68261,13.3815969,0.0272932237772908,69
"199",470,18.07011,13.8582978,0.026994221325768,66
"200",471,17.9624,13.4801456,0.0265342175541946,53
"201",472,17.009,13.0338115,0.0271272224162447,72
"202",473,19.30713,12.17036411,0.0266332183659028,71
"203",474,17.30865,11.62662716,0.0270172215143467,68
"204",481,18.53536,13.4795727,0.0270952221538744,69
"205",482,20.8037,13.177051,0.0274862253597118,65
"206",486,17.42382,13.4692594,0.026952220981407,59
"207",487,16.91503,12.4963771,0.0267382192268054,61
"208",497,13.98894,10.8204755,0.0217621784282198,70
"209",500,13.81762,10.4314372,0.0213041746730445,73
"210",502,13.8245,10.393049,0.0213081747058407,73
"211",504,10.00344,12.92323065,0.0206441692616565,74
"212",506,11.05711,12.70321486,0.0188681547001034,75
"213",507,11.27655,12.60180133,0.018973155561006,75
"214",508,11.13446,12.56112133,0.0191781572418159,75
"215",509,10.89439,12.73128979,0.0191441569630475,75
"216",510,11.05081,12.72498726,0.019000155782381,75
"217",511,11.10868,12.66539965,0.0191891573320057,75
"218",512,11.08003,12.75592698,0.0191341568810567,75
"219",513,11.05024,12.66024303,0.0183741506497615,75
"220",516,15.08386,12.01451959,0.0177061451727809,76
"221",517,14.97213,12.15317538,0.0171771408354715,76
"222",519,11.31895,11.20321135,0.0181951491821275,77
"223",520,11.29145,11.27540403,0.0183471504283865,77
"224",521,17.95323,13.4801456,0.0179651472963408,78
"225",522,17.97157,13.4251417,0.017968147320938,78
"226",524,10.06876,13.0120391,0.0207371700241702,74
"227",525,15.01052,12.35829427,0.0174881433853831,76
"228",526,10.16444,12.040302691,0.0205751686959205,79
"229",527,10.29107,11.951494233,0.0205891688107075,79
"230",535,11.4324,11.25133981,0.0180591480670536,77
"231",545,11.16712,12.55367288,0.0189511553806264,75
"232",550,10.03323,11.33957531,0.0203781670807032,80
"233",556,10.13694,11.54297532,0.0205881688025084,80
"234",563,11.1505,11.52062997,0.0440923615135128,81
"235",564,11.05711,11.55901814,0.0440413610953601,81
"236",565,11.14592,11.52521363,0.0440423611035591,81
"237",567,12.1887,12.63904359,0.042238346312432,82
"238",573,12.2397,12.56455907,0.0422963467879783,82
"239",578,12.97824,13.5775485,0.0334062738982221,83
"240",579,13.20112,13.5047828,0.0324342659287234,83
"241",580,13.17247,13.6262499,0.0331312716434771,83
"242",581,13.06189,13.4543625,0.0316182592382801,83
"243",582,12.98683,13.4308713,0.0340822794407952,83
"244",583,13.06418,13.5523383,0.0312502562210214,83
"245",584,13.07679,13.5277011,0.0330692711351346,83
"246",585,13.06304,13.5408792,0.0331112714794956,83
"247",586,13.14841,13.6371361,0.0328162690607692,83
"248",587,13.2057,13.2395034,0.0319412618865806,84
"249",588,17.50747,12.73644641,0.0331342716680743,85
"250",589,17.41694,13.000007,0.0336712760709763,85
"251",590,17.4284,12.84702727,0.033405273890023,85
"252",591,17.48627,12.86307008,0.0336542759315921,85
"253",592,17.37684,13.0303738,0.0328302691755562,85
"254",594,17.47997,12.75077036,0.0330452709383569,85
"255",595,17.45361,12.88140473,0.0326722678801027,85
"256",596,17.49028,12.89286389,0.0338252773336336,85
"257",597,17.84781,12.72670613,0.0327502685196304,86
"258",598,17.85411,12.78973149,0.0324172657893392,86
"259",599,17.79338,12.71696585,0.0324592661337003,86
"260",601,17.79968,12.74045712,0.0332702727831482,86
"261",602,17.86557,12.71009035,0.0324632661664965,86
"262",603,17.60888,12.53247344,0.0335862753740552,87
"263",607,17.92573,10.3197104,0.0337892770384669,88
"264",608,17.90739,10.339191,0.0332182723567964,88
"265",610,17.99162,10.2692901,0.0331792720370326,88
"266",611,18.04318,10.3220023,0.0326582677653157,88
"267",613,21.55828,10.0847977,0.0320252625753027,89
"268",614,21.54854,10.0372422,0.0319282617799927,89
"269",615,15.6952,10.6984355,0.0370053034066847,90
"270",616,15.57316,10.5632175,0.0382563136637246,91
"271",617,15.61785,10.6525989,0.0370983041691984,90
"272",618,15.59895,10.6525989,0.038234313483345,91
"273",620,15.674,11.3831201,0.03227626463327,92
"274",621,15.74562,11.42208123,0.0325602669618066,92
"275",622,15.5766,11.46791785,0.0329492701512459,92
"276",624,15.75078,11.33728348,0.0323222650104273,92
"277",625,15.71984,11.46963673,0.0332282724387871,92
"278",626,15.72672,11.47364743,0.0327952688885887,92
"279",627,15.75594,11.43812405,0.0318862614356316,92
"280",628,15.81209,11.37567165,0.032841269265746,92
"281",629,13.04413,13.6766702,0.0324192658057374,83
"282",630,13.08309,13.4228499,0.0328942697002969,83
"283",631,13.12606,13.4314442,0.0324792662976817,83
"284",632,13.07736,13.4062341,0.0321482635837887,83
"285",633,12.93355,13.394202,0.0317582603861503,83
"286",634,12.92037,13.3518031,0.0323302650760199,83
"287",635,13.08595,13.4847293,0.0327872688229961,83
"288",636,12.91922,13.488167,0.0329222699298709,83
"289",637,12.91579,13.4875941,0.0327352683966443,83
"290",638,21.37952,11.47651222,0.0284942336243771,93
"291",639,21.40358,11.27483108,0.0286302347394509,93
"292",640,21.30904,11.40775728,0.0288322363956636,93
"293",641,21.37322,11.47250152,0.0284952336325761,93
"294",642,21.35316,11.59511448,0.0292562398720705,93
"295",643,21.37379,11.39343334,0.0282902319517662,93
"296",644,21.47979,11.3940063,0.0289872376665199,93
"297",645,21.44942,11.45302095,0.0293862409379499,93
"298",646,21.38582,11.46161532,0.0291332388635845,93
"299",647,21.62417,11.49083617,0.0285292339113446,93
"300",648,12.7376,10.0968298,0.0315972590660996,94
"301",649,12.64248,10.1988163,0.0318002607305114,94
"302",650,17.19463,10.8199026,0.0276012263026052,95
"303",651,17.21927,10.7671905,0.0281302306399146,95
"304",652,17.064,10.8055786,0.0277862278194336,95
"305",653,17.14593,10.8021409,0.0278532283687715,95
"306",654,17.01702,10.8399561,0.0281112304841322,95
"307",655,16.53516,13.2922155,0.0332322724715834,96
"308",656,16.64861,13.3873265,0.0330602710613429,96
"309",657,17.53383,13.1650188,0.0343902819661096,97
"310",658,17.5344,13.1696025,0.0346192838436973,97
"311",659,15.11251,11.55615335,0.0373493062271657,98
"312",660,15.06495,11.55787223,0.0377693096707762,98
"313",661,14.36136,12.67456697,0.0367703014799026,99
"314",662,14.41063,12.71180923,0.0362682973639681,99
"315",663,14.36136,12.66883739,0.03681630185706,99
"316",665,16.33119,13.9683057,0.0329672702988292,100
"317",666,16.22118,13.9110099,0.0327882688311952,100
"318",667,16.33004,13.9660138,0.0327652686426165,100
"319",668,13.2567,13.2927884,0.0322332642807098,84
"320",670,18.57203,12.18526101,0.0328072689869775,101
"321",671,11.34875,10.5741037,0.028947237338557,102
"322",673,10.17189,13.4217039,0.0366513005042129,103
"323",674,10.16387,13.4050882,0.0368283019554488,103
"324",676,15.24142,11.98071508,0.0375383077767904,104
"325",677,15.20704,11.9875905739,0.0373553062763601,104
"326",678,15.23741,11.98071508,0.0374933074078321,104
"327",680,13.5489,13.7184961,0.0311652555241002,105
"328",681,13.53286,13.6823997,0.0311532554257113,105
"329",682,13.53802,13.7511547,0.0311402553191234,105
"330",683,13.57125,13.6136448,0.0309712539334801,105
"331",685,16.69788,10.2503825,0.0282422315582108,106
"332",688,18.60411,12.058637341,0.0328092690033757,101
"333",689,18.58807,12.012800717,0.0328452692985423,101
"334",691,19.47959,13.0080284,0.034973286746169,107
"335",693,16.9729,10.0040107,0.0283742326404883,108
"336",694,17.01072,10.0074484,0.0281742310006738,108
"337",697,13.05731,12.77941825,0.0326232674783482,109
"338",698,12.95933,12.78400191,0.0324712662320891,109
"339",699,19.10946,11.76413703,0.0335322749313052,110
"340",700,13.71678,10.7150513,0.0339012779567631,111
"341",701,13.80616,10.7127595,0.0337092763825411,111
"342",702,12.24772,11.48396067,0.0300042460049768,112
"343",703,12.2523,11.51490039,0.0299432455048334,112
"344",708,21.26722,10.5884276,0.0300932467346943,113
"345",709,13.84742,12.38063962,0.02982824456194,114
"346",710,13.85257,12.37491004,0.02973124376663,114
"347",711,12.9049,13.0309467,0.0337522767351012,115
"348",712,12.86651,13.0091743,0.0338532775632076,115
"349",715,17.50403,12.47746949,0.033157271856653,87
"350",716,17.52409,12.46257259,0.0331152715122919,87
"351",717,18.67745,11.53667279,0.0329542701922412,116
"352",718,18.63906,11.5962604,0.0329072698068848,116
"353",720,17.71431,10.7076029,0.033033270839968,117
"354",728,14.01071,11.34473193,0.0349612866477801,118
"355",729,14.02331,11.38369306,0.0348512857458821,118
"356",730,18.86882,12.008217055,0.0331502717992595,119
"357",733,17.34475,11.7836176,0.026993221317569,68
"358",741,13.05788,12.7026419,0.0326872680030888,109
"359",745,12.86365,10.6027516,0.0326412676259315,120
"360",764,19.61825,12.93526277,0.0351762884105807,107
"361",766,19.24239,11.74809422,0.0336262757020181,110
"362",771,12.729,10.5437369,0.0325232666584409,120
"363",773,15.95533,11.33269981,0.0321612636903766,92
"364",777,19.34896,12.92494953,0.0350232871561226,107
"365",780,17.57164,12.76795909,0.0343372815315588,85
"366",793,13.00402,13.4990532,0.0330962713565096,83
"367",798,16.64918,10.1713144,0.0284752334685947,106
"368",806,17.52179,11.74981309,0.0269622210633977,68
"369",833,18.97424,12.016238464,0.0329242699462691,119
"370",836,17.68738,10.8456857,0.0334782744885553,117
"371",837,21.43395,10.5826981,0.0303252486368791,113
"372",839,21.59323,10.1942327,0.0326512677079222,89
"373",841,13.62511,12.67915063,0.0329452701184496,121
"374",860,21.63334,11.57735279,0.0287912360595017,93
"375",872,17.59914,12.85848642,0.0320692629360619,85
"376",875,15.05235,11.52406772,0.0367473012913239,98
"377",890,21.56745,10.3082513,0.032497266445265,89
"378",891,16.92477,10.7116136,0.0281542308366923,95
"379",895,11.49084,10.4904519,0.0290392380928717,102
"380",900,13.63313,12.81837938,0.0327832687901998,121
"381",903,11.67877,10.299084,0.0737796049193836,122
"382",904,11.72289,10.1598552,0.0725435947853297,122
"383",905,11.60887,10.1340721,0.0735046026646386,122
"384",908,11.73492,10.3890383,0.0735886033533607,122
"385",909,11.76414,10.4045082,0.0734476021972914,122
"386",910,11.75784,10.0532851,0.0742036083957904,122
"387",911,11.58022,10.1558445,0.0737526046980086,122
"388",912,11.54241,10.0504203,0.0745176109702992,124
"389",913,11.6971,10.2669983,0.0738656056245038,122
"390",914,11.71257,10.1856383,0.0745316110850862,122
"391",915,11.67934,10.2658524,0.0736906041896661,122
"392",916,11.71143,10.285333,0.0722215921452283,122
"393",917,11.73148,10.3105431,0.0733026010084259,122
"394",918,11.60772,10.1334991,0.0738626055999066,122
"395",919,11.75268,10.2675713,0.0726285954822509,122
"396",920,11.57793,10.1569904,0.0736046034845459,122
"397",921,11.72174,10.1163104,0.0744176101503919,122
"398",922,11.64153,10.1833465,0.0728125969908803,122
"399",923,11.69424,10.3065324,0.0741206077152674,122
"400",924,11.6845,10.2331938,0.0741646080760265,122
"401",925,11.69252,10.1844924,0.0742176085105774,122
"402",926,11.66731,10.1890761,0.0734776024432636,122
"403",927,11.70283,10.2400693,0.0740616072315221,122
"404",928,11.65528,10.1919408,0.0743806098470263,122
"405",929,11.68335,10.2091296,0.0746696122165583,122
"406",930,11.6633,10.1907949,0.0725165945639548,122
"407",931,11.81571,10.5334237,0.0728245970892692,125
"408",932,11.80998,10.5357155,0.0728025969088896,125
"409",933,11.47938,10.0429718,0.0748826139629607,124
"410",934,11.71257,10.4245617,0.0740506071413323,122
"411",935,14.95781,13.7545924,0.0708595809780913,126
"412",936,14.95838,13.7987102,0.0702555760258514,126
"413",937,14.94062,13.7574572,0.0715865869388172,126
"414",938,14.95953,13.7987102,0.0704685777722539,126
"415",939,14.96067,13.7517276,0.0713615850940258,126
"416",940,12.07468,12.30500919,0.0765276274504353,127
"417",941,12.06093,12.31474947,0.076537627532426,127
"418",942,11.87415,11.53896462,0.0670975501331799,128
"419",943,11.86269,11.51661927,0.0659625408272324,128
"420",944,11.82659,11.49599279,0.0672625514860269,128
"421",945,11.87415,11.53495392,0.0671385504693419,128
"422",946,11.87415,11.53839166,0.0667955476570599,128
"423",947,12.27006,13.7574572,0.0755956198088995,129
"424",948,12.31991,13.7402685,0.0754756188250108,129
"425",949,12.34684,13.7374037,0.075848621883265,129
"426",950,10.49676,13.8915293,0.0735896033615598,130
"427",951,10.53858,13.9064262,0.0733926017463424,130
"428",953,15.06151,13.257265,0.0711695835198039,131
"429",954,15.03401,13.2223146,0.0718775893247473,131
"430",955,11.68049,12.416163,0.0660335414093665,132
"431",956,11.70112,12.38923399,0.0660825418111211,132
"432",957,11.66788,12.41329822,0.0666335463288102,132
"433",958,11.73034,13.4669676,0.0663045436313152,133
"434",959,11.71945,13.5065017,0.066755547329097,133
"435",960,10.64687,10.4721172,0.0676705548312485,134
"436",961,10.68755,10.4795657,0.0671925509120918,134
"437",962,10.67094,10.5420181,0.0681645588815904,134
"438",963,10.64401,10.5362885,0.068296559963868,134
"439",964,10.6463,10.4457611,0.0679675572663731,134
"440",967,12.6465,13.1810617,0.0670815500019947,135
"441",968,12.6167,13.1816346,0.0670685498954068,135
"442",969,12.64077,13.136371,0.0670455497068281,135
"443",970,12.64879,13.1856453,0.0669395488377264,135
"444",972,14.32641,13.3987856,0.0704645777394576,136
"445",973,14.38771,13.4394656,0.0706965796416425,136
"446",974,14.36938,13.4228499,0.070964581838994,136
"447",975,10.106,13.6818268,0.0733906017299443,137
"448",976,10.07621,13.7162042,0.0729725983027319,137
"449",977,10.10715,13.6818268,0.0735866033369625,137
"450",978,10.09626,13.7001614,0.072959598196144,137
"451",979,12.42648,12.8424436,0.0762836254498616,138
"452",980,12.42533,12.84129769,0.0763926263435605,138
"453",981,12.43049,12.83785994,0.0759306225555889,138
"454",982,10.39592,10.8617285,0.0740666072725174,139
"455",983,10.38389,10.8898034,0.0736526038781013,139
"456",984,13.3329,10.9763201,0.0736276036731245,140
"457",985,13.32488,10.9700175,0.0735496030335969,140
"458",987,14.56189,13.0223524,0.0708095805681377,141
"459",988,11.04565,13.8703299,0.0783196421431736,142
"460",989,11.09664,13.8319417,0.0784736434058307,142
"461",994,11.05711,13.8938212,0.0738586055671103,143
"462",995,13.13752,13.1988234,0.0695325700979219,144
"463",996,13.1421,13.2022611,0.0700765745582174,144
"464",997,13.72308,13.2830481,0.0670975501331799,145
"465",998,13.7311,13.2956532,0.0670945501085827,145
"466",999,11.0382,10.0011459,0.0711545833968178,146
"467",1001,10.15929,10.950537,0.0663985444020281,147
"468",1002,10.18278,10.949964,0.0665555456892825,147
"469",1003,10.15986,10.9516829,0.0662725433689449,147
"470",1004,15.3606,13.8565789,0.0754596186938257,148
"471",1005,15.37779,13.9207502,0.0753586178657193,148
"472",1006,11.75669,13.3208634,0.0776076363054338,149
"473",1007,11.75325,13.3168527,0.0779106387897528,149
"474",1009,11.4937,13.8302228,0.0731705999261483,150
"475",1010,11.49428,13.8296499,0.073303601016625,150
"476",1011,11.50173,13.8537141,0.0732536006066713,150
"477",1012,10.15069,10.9006896,0.066603546082838,147
"478",1014,10.75917,13.3369062,0.0784336430778678,151
"479",1015,10.7523,13.3374791,0.0783426423317522,151
"480",1024,12.8837,13.3603975,0.0679835573975583,152
"481",1040,13.33462,10.4469071,0.074693612413336,153
"482",1041,13.37587,10.4503448,0.0748736138891691,153
"483",1046,14.50288,11.56360181,0.0735746032385737,154
"484",1047,13.61938,13.271589,0.0720575908005804,155
"485",1048,13.55635,13.2698701,0.0720425906775943,155
"486",1055,13.88981,11.30405192,0.0735976034271523,156
"487",1057,13.52942,10.881782,0.0734956025908469,157
"488",1058,13.49505,12.63388697,0.0751546161931085,158
"489",1059,13.5426,12.61383344,0.0751806164062844,158
"490",1063,14.95265,13.5775485,0.071268584331512,126
"491",1069,12.95532,13.4045152,0.0682815598408819,152
"492",1071,10.93106,12.647065,0.0744136101175956,159
"493",1072,10.93163,12.64477316,0.0743866098962207,159
"494",1080,14.92629,13.6818268,0.0702485759684579,126
"495",1081,14.95208,13.6887023,0.069974573721912,126
"496",1082,13.91044,11.27597699,0.0733676015413656,156
"497",1083,12.72327,12.74103007,0.0677925558315354,160
"498",1086,13.58443,10.9155865,0.0733656015249675,157
"499",1088,12.66598,12.70550669,0.0677355553641883,160
"500",1105,12.28038,12.21505482,0.0661175420980887,161
"501",1110,13.09684,13.4325901,0.0722695925387838,162
"502",1117,11.85352,12.93354389,0.0771856328454251,163
"503",1131,14.91197,13.5998938,0.0704525776410688,126
"504",1137,11.09836,10.0211994,0.0717065879227059,146
"505",1138,14.51319,12.97880756,0.0711235831426465,141
"506",1146,15.73302,13.5523383,0.0712115838641649,164
"507",1148,11.83347,12.87281037,0.0773106338703092,163
"508",1166,13.07851,13.379878,0.0722755925879782,162
"509",1170,14.4834,13.0446977,0.07118458364279,141
"510",1188,15.75193,13.6342713,0.0714665859549285,164
"511",1200,11.06055,13.9299175,0.073510602713833,143
"512",1202,11.67361,13.8313688,0.06220150999052,165
"513",1203,11.74695,13.7820944,0.0618465070798492,165
"514",1204,11.66445,13.8577248,0.0623125109006171,165
"515",1207,10.07048,11.10695444,0.0901547391791988,166
"516",1208,10.02349,11.09606824,0.0902017395645552,166
"517",1212,11.96754,10.379871,0.0877047190914707,167
"518",1213,11.95608,10.3924761,0.0878037199031789,167
"519",1214,11.98072,10.3907572,0.0874707171728877,167
"520",1215,15.17496,11.21237868,0.0786436447996731,168
"521",1216,15.15662,11.20951389,0.0787886459885386,168
"522",1217,14.71315,10.0166158,0.0768476300741386,169
"523",1218,14.67534,10.013751,0.0765446275898195,169
"524",1220,15.01052,10.2343397,0.0788426464312886,170
"525",1222,10.59072,10.8290699,0.0796146527609727,171
"526",1223,10.55405,10.8468316,0.0796246528429634,171
"527",1224,15.15834,10.5540502,0.0789206470708162,172
"528",1225,15.16121,10.5517583,0.0786076445045065,172
"529",1229,10.907,12.034000155,0.0788846467756496,173
"530",1230,10.92075,12.056918467,0.0788686466444644,173
"531",1233,10.53343,10.7809415,0.0766546284917175,174
"532",1236,10.79011,10.7339589,0.0777536375024984,175
"533",1237,10.79355,10.7402615,0.0776096363218319,175
"534",1240,10.11058,10.2486637,0.083938688213763,176
"535",1241,10.1335,10.2675713,0.0837496866641382,176
"536",1246,13.10314,13.1157445,0.0794096510801628,177
"537",1247,13.16731,13.0624594,0.0793656507194036,177
"538",1253,14.87129,10.0756304,0.0766696286147036,178
"539",1254,15.64765,10.2641335,0.0788746466936589,179
"540",1257,10.54832,10.6434316,0.0767656294018146,174
"541",1258,15.67286,10.2108485,0.0780196396834517,179
"542",1266,11.02331,11.28170657,0.0795736524248107,180
"543",1267,11.02159,11.30290601,0.0796756532611161,180
"544",1276,10.55921,10.7156243,0.0766706286229027,174
"545",1278,14.95895,10.2647065,0.0788826467592515,170
"546",1281,18.13199,11.08460909,0.0703265766079856,181
"547",1282,18.23914,10.9723094,0.0713945853645952,181
"548",1283,18.16866,10.9201702,0.0704115773049068,181
"549",1284,18.24658,11.0410643,0.0716145871683912,181
"550",1286,18.21679,10.8812091,0.0732066002213149,181
"551",1287,18.242,11.15393698,0.0720075903906268,181
"552",1289,18.01167,11.0708581,0.0728445972532506,181
"553",1290,18.10965,11.01814598,0.0727195962283665,181
"554",1291,18.23513,10.9648609,0.0704475776000734,181
"555",1292,18.10793,11.01470824,0.0728445972532506,181
"556",1293,18.22252,11.045075,0.0745186109784983,181
"557",1294,18.1383,11.03877246,0.071295584552887,181
"558",1295,18.06209,10.9660068,0.0729295979501718,181
"559",1296,18.0684,11.06856627,0.0721385914647053,181
"560",1297,18.09933,11.02215669,0.0708055805353414,181
"561",1298,18.02772,10.9522558,0.072670595826612,181
"562",1299,18.27523,10.9144406,0.0720425906775943,181
"563",1300,18.136,11.01642711,0.0748046133234331,181
"564",1301,18.15434,10.99694655,0.0706295790923046,181
"565",1302,17.98073,11.02903218,0.0721575916204877,181
"566",1303,18.09762,11.0152812,0.0751676162996965,181
"567",1304,18.09933,11.02215669,0.0732286004016945,181
"568",1305,18.11251,11.02444852,0.0718605891853631,181
"569",1306,18.0873,11.02960514,0.0711665834952066,181
"570",1307,18.15377,11.03590768,0.0727445964333433,181
"571",1308,18.10392,11.01757303,0.0718395890131826,181
"572",1309,18.11079,11.0301781,0.0736716040338837,181
"573",1310,18.21679,10.8812091,0.0729515981305514,181
"574",1311,17.95151,11.08747388,0.0725795950804963,181
"575",1312,18.30273,11.09148458,0.071667587602942,181
"576",1313,15.78917,11.17341755,0.0706165789857167,185
"577",1314,15.90032,11.21524347,0.0691925673102372,185
"578",1315,15.91923,11.18373079,0.0696485710490143,185
"579",1316,15.82297,11.21180572,0.0720085903988258,185
"580",1317,15.69005,11.15966656,0.0715615867338403,185
"581",1318,15.77886,11.10924627,0.0705675785839621,185
"582",1319,15.70953,11.32926207,0.0695775704668801,186
"583",1320,15.78917,11.17227163,0.0702845762636245,185
"584",1321,15.96965,11.20206544,0.0709565817734014,187
"585",1322,15.81667,11.19862769,0.0706165789857167,185
"586",1323,15.81323,11.19003332,0.0703465767719671,185
"587",1324,15.83214,11.25019389,0.0707245798712165,185
"588",1325,15.74792,11.22727558,0.0712655843069148,185
"589",1326,15.78401,11.16940684,0.0701895754847126,185
"590",1327,15.93642,11.21581642,0.0696155707784449,185
"591",1328,15.64593,11.14878036,0.0712835844544981,185
"592",1329,15.78401,11.18315783,0.0699775737465092,185
"593",1330,15.74104,11.10924627,0.0702135756814904,185
"594",1331,15.83386,11.19977361,0.0710765827572901,185
"595",1332,15.78688,11.15680177,0.0701215749271757,185
"596",1333,15.94902,11.21696234,0.0696705712293939,185
"597",1335,15.8012,11.18373079,0.071460585905734,185
"598",1336,15.79318,11.17456346,0.0704325774770873,185
"599",1337,15.9708,11.20263839,0.0710805827900864,187
"600",1338,15.63447,10.9757471,0.0719515899314787,188
"601",1339,15.70724,11.1848767,0.0720665908743721,185
"602",1340,15.86022,11.25133981,0.0699165732463658,185
"603",1341,17.99105,10.4898789,0.0712915845200907,189
"604",1342,18.06209,10.4360209,0.0717245880702892,189
"605",1344,17.88046,10.556342,0.0701905754929117,189
"606",1345,17.99678,10.5712389,0.0702205757388839,189
"607",1347,18.00652,10.3907572,0.0710465825113179,189
"608",1348,18.02772,10.5093595,0.0709565817734014,189
"609",1349,18.03001,10.3907572,0.0716645875783448,189
"610",1350,18.04949,10.5127972,0.0713975853891924,189
"611",1351,17.94292,10.4669606,0.0715305864796691,189
"612",1352,18.04089,10.2967921,0.0701295749927683,189
"613",1353,17.9263,10.5259752,0.0711835836345909,189
"614",1354,17.95438,10.4463341,0.0709825819865773,189
"615",1355,17.89192,10.5506124,0.0703545768375596,189
"616",1356,17.95208,10.4022164,0.0712975845692852,189
"617",1357,18.05063,10.421124,0.0702115756650922,189
"618",1358,17.97099,10.4394586,0.0688665646373395,189
"619",1359,17.99506,10.4423234,0.0726245954494546,189
"620",1360,17.98245,10.448053,0.0699185732627639,189
"621",1361,17.97959,10.4560744,0.0707045797072351,189
"622",1362,17.80025,10.5981679,0.0712435841265352,190
"623",1363,17.78994,10.5998868,0.0711415832902298,190
"624",1364,15.32679,12.60294725,0.0711925837083825,191
"625",1367,15.36976,12.71180923,0.0701935755175089,191
"626",1368,15.31992,12.62300077,0.0710265823473365,191
"627",1370,15.31705,12.65795119,0.0694745696223757,191
"628",1371,15.30731,12.56513203,0.0712665843151139,191
"629",1372,15.32393,12.65222162,0.0709265815274292,191
"630",1373,15.32507,12.61326049,0.0719735901118583,191
"631",1374,15.34283,12.61784415,0.070910581396244,191
"632",1375,15.32393,12.60695795,0.071074582740892,191
"633",1376,15.32794,12.82468191,0.070992582068568,192
"634",1377,15.30387,12.80119064,0.0721275913745155,192
"635",1379,15.3033,12.82869262,0.0730355988192735,192
"636",1380,15.34685,12.86708079,0.0705065780838187,192
"637",1381,15.36633,12.83556811,0.0700995747467961,192
"638",1382,15.33309,12.81952529,0.0705365783297908,192
"639",1383,15.33023,12.83270332,0.0705785786741519,192
"640",1384,15.26205,12.77655346,0.071350585003836,192
"641",1385,15.32794,12.8275467,0.0709125814126422,192
"642",1386,19.6956,12.18526101,0.0687385635878582,195
"643",1387,19.66236,12.26948581,0.0702515759930551,195
"644",1388,19.68929,12.28953933,0.0701795754027219,195
"645",1389,19.67955,12.33423004,0.0690355660229827,195
"646",1390,19.57069,12.10791171,0.068282559849081,194
"647",1391,19.71679,12.21104411,0.0673375521009573,195
"648",1392,19.65262,12.24943229,0.0701605752469395,195
"649",1393,19.85373,12.1256734,0.0691025665723206,195
"650",1394,19.71966,12.06665875,0.0686355627433537,194
"651",1395,19.65778,12.24828637,0.0684495612183262,195
"652",1396,19.75977,12.1732289,0.0690205658999967,195
"653",1397,19.68013,12.31761426,0.0694605695075886,195
"654",1398,19.62569,12.20244975,0.0687525637026452,195
"655",1399,19.6721,12.25229708,0.069630570901431,195
"656",1400,19.71966,12.22594102,0.0689935656786217,195
"657",1401,19.64059,12.30099849,0.0692275675972047,195
"658",1402,19.70304,12.16749932,0.0680175576763268,195
"659",1403,19.67841,12.17208298,0.0688335643667701,195
"660",1404,19.687,12.18354214,0.0692655679087695,195
"661",1405,19.67039,12.19328242,0.0675995542491144,195
"662",1406,19.69789,12.20073087,0.0694615695157877,195
"663",1407,19.69731,12.18697989,0.0684435611691317,195
"664",1408,19.6807,12.18182327,0.0685045616692751,195
"665",1409,19.85316,12.1256734,0.0688925648505153,195
"666",1410,19.62971,12.07181537,0.068695563235298,194
"667",1411,19.51282,11.2582153,0.0696885713769772,196
"668",1412,19.52485,11.28686319,0.07023557586187,196
"669",1413,19.53345,11.36650432,0.0685205618004603,197
"670",1414,19.57069,11.43010264,0.0684855615134928,197
"671",1415,19.28421,11.30519784,0.0677195552330031,196
"672",1416,19.42974,11.27082037,0.0679735573155676,196
"673",1417,19.29395,11.3057708,0.0681735589553821,196
"674",1418,19.51626,11.61287618,0.068405560857567,199
"675",1419,19.3862,11.28056065,0.0675165535685913,196
"676",1420,19.43032,11.3424401,0.0671475505431335,196
"677",1421,19.41886,11.32582432,0.0678235560857066,196
"678",1422,19.39365,11.27712291,0.0682065592259515,196
"679",1423,19.43662,11.29431164,0.0687555637272424,196
"680",1424,19.42974,11.30118714,0.0685735622350112,196
"681",1425,19.39078,11.29259277,0.0684235610051503,196
"682",1426,19.61194,11.43697813,0.0686055624973815,197
"683",1427,17.814,11.38082827,0.0728865975976117,200
"684",1428,17.85182,11.33384573,0.0720625908415758,200
"685",1429,17.83348,11.23300516,0.0727565965317322,201
"686",1430,17.81515,11.36765024,0.0728105969744821,200
"687",1431,17.76645,11.31264629,0.0729415980485607,200
"688",1432,17.85296,11.38942264,0.0736046034845459,200
"689",1433,17.78535,11.38655785,0.0728465972696487,200
"690",1434,17.81515,11.36593137,0.0725165945639548,200
"691",1435,17.63123,11.48052293,0.0732296004098936,202
"692",1436,17.598,11.44614546,0.0727725966629174,202
"693",1437,17.73092,11.52464068,0.0722275921944227,202
"694",1438,17.72347,11.52521363,0.0738486054851196,202
"695",1439,17.74754,11.54755899,0.0717325881358818,202
"696",1440,17.62951,11.58709308,0.072368593350492,202
"697",1441,17.64727,11.56589364,0.073565603164782,202
"698",1442,17.86671,10.0355234,0.0704295774524901,203
"699",1443,18.00079,10.0498473,0.0710555825851096,203
"700",1444,17.96813,10.0040107,0.0715775868650255,203
"701",1445,18.0025,10.0487014,0.0713315848480536,203
"702",1446,17.87875,10.0005729,0.0700065739842823,203
"703",1447,17.86671,10.0779222,0.0699455734841389,203
"704",1448,17.89422,10.0475555,0.0715085862992895,203
"705",1449,17.85124,10.0309397,0.0710685826916975,203
"706",1450,17.87015,10.0475555,0.0706045788873278,203
"707",1451,17.87187,10.0343775,0.0704745778214483,203
"708",1452,18.01568,10.2406423,0.0711105830360586,203
"709",1453,18.13658,10.2664254,0.0701015747631942,203
"710",1454,18.07527,10.2085566,0.0706545792972814,203
"711",1455,18.01454,10.1403746,0.0706775794858601,203
"712",1456,18.09189,10.3128349,0.0714165855449748,189
"713",1457,14.58997,13.8577248,0.0672665515188232,205
"714",1458,14.52752,13.7167772,0.0663735441970513,205
"715",1459,14.47366,13.8445468,0.0660185412863805,206
"716",1460,14.70227,13.7820944,0.0657975394743854,205
"717",1461,14.67305,13.828504,0.066603546082838,205
"718",1462,14.67935,13.7574572,0.0654805368752794,205
"719",1463,14.67133,13.7855321,0.0674895533472164,205
"720",1464,14.60658,13.7626138,0.0667375471815137,205
"721",1465,14.65815,13.8451197,0.0669685490754995,205
"722",1466,14.67247,13.8073045,0.0664575448857734,205
"723",1467,14.67305,13.7981372,0.0659515407370426,205
"724",1468,14.65529,13.8348065,0.0661575424260516,205
"725",1469,14.67018,13.8130341,0.0672105510596751,205
"726",1470,14.66904,13.814753,0.0662895435083292,205
"727",1471,14.5258,13.7156313,0.0662835434591347,205
"728",1472,18.61729,10.4377397,0.0694835696961673,207
"729",1473,18.54452,10.4675335,0.0698335725658428,207
"730",1474,18.67229,10.4325831,0.0702455759438607,207
"731",1475,18.64307,10.4979003,0.0688075641535942,207
"732",1476,18.62187,10.4784197,0.0694085690812369,207
"733",1477,18.61328,10.4360209,0.0684525612429234,207
"734",1478,18.57947,10.4308642,0.0683255602016411,207
"735",1479,18.6849,10.3535149,0.0699385734267454,207
"736",1480,15.5617,13.2521084,0.0650365332348911,208
"737",1481,15.60754,13.2022611,0.0643215273725541,208
"738",1482,15.57087,13.2899236,0.0645015288483872,208
"739",1483,15.59837,13.2326279,0.0644515284384336,208
"740",1484,15.55426,13.2498166,0.0653855360963674,208
"741",1485,15.56801,13.2882048,0.0641615260607025,208
"742",1486,15.65624,13.3013828,0.0654495366211081,208
"743",1487,15.53649,13.2469518,0.0647975312753127,208
"744",1488,15.57259,13.2452329,0.0649515325379699,208
"745",1489,15.60983,13.3271659,0.065778539318603,208
"746",1490,15.60181,13.353522,0.0656585383347143,208
"747",1491,15.63161,13.3632622,0.0654555366703025,208
"748",1492,20.25652,12.21963848,0.0695195699913339,209
"749",1493,20.24965,12.19786608,0.0712925845282898,209
"750",1494,20.19579,12.18067735,0.0683575604640115,209
"751",1495,20.28116,12.21963848,0.0684145609313586,209
"752",1496,20.25824,12.23740017,0.0693325684581074,209
"753",1497,20.28631,12.29297708,0.0695985706390607,209
"754",1498,20.25939,12.22823285,0.0705635785511658,209
"755",1499,20.24449,12.24542158,0.0692915681219454,209
"756",1500,20.25996,12.22765989,0.071088582855679,209
"757",1502,16.95972,11.37624461,0.0712695843397111,210
"758",1503,16.98379,11.36765024,0.0699175732545649,210
"759",1504,16.92363,11.40088179,0.070456577673865,210
"760",1505,16.96087,11.36994207,0.0711735835526001,210
"761",1506,16.95227,11.38655785,0.0716455874225625,210
"762",1507,14.45647,11.51375448,0.0728925976468061,154
"763",1508,14.43985,11.51661927,0.0730635990488475,154
"764",1509,14.4748,11.52693251,0.0729365980075653,154
"765",1510,14.47423,11.52464068,0.0724665941540011,154
"766",1511,14.47079,11.5297973,0.0730995993440141,154
"767",1512,14.60945,11.52750546,0.0728025969088896,211
"768",1513,14.59398,11.53037025,0.073235600459088,211
"769",1514,18.60296,13.9218961,0.0659725409092231,212
"770",1515,18.59552,13.9333552,0.0649915328659328,212
"771",1516,18.60755,13.9190313,0.0658205396629641,212
"772",1517,18.61614,13.9047074,0.0655775376705894,212
"773",1518,18.58749,13.9476792,0.0661135420652924,212
"774",1519,17.23073,11.70283055,0.0690815664001401,213
"775",1520,17.27256,11.70970604,0.0692165675070149,213
"776",1521,17.23016,11.64266998,0.0689255651210848,213
"777",1522,17.22443,11.7062683,0.0698075723526669,213
"778",1523,17.23188,11.70856013,0.0687975640716035,213
"779",1526,16.11575,11.87700972,0.0731545997949631,214
"780",1527,16.08367,11.86726944,0.0737256044766336,214
"781",1529,16.11518,11.87529085,0.0727875967859035,214
"782",1530,15.78172,13.4291524,0.0652215347517195,208
"783",1531,15.82527,13.3873265,0.06504853333328,208
"784",1532,15.73015,13.3873265,0.0650515333578772,208
"785",1533,15.78802,13.3878994,0.0652405349075019,208
"786",1534,15.7863,13.5529113,0.0646675302094333,215
"787",1535,15.86938,13.5231175,0.0646035296846926,215
"788",1536,15.88428,13.5099394,0.0643595276841189,215
"789",1537,20.598,12.42876808,0.0695925705898662,216
"790",1538,20.61462,12.42131962,0.0695605703274959,216
"791",1542,18.75021,12.86364304,0.066300543598519,217
"792",1543,18.72615,12.8493191,0.0664035444430235,217
"793",1545,18.63276,12.83556811,0.0667095469519397,217
"794",1546,14.7991,13.678962,0.0665245454351112,218
"795",1547,14.81457,13.6675028,0.0670605498298142,218
"796",1548,14.81399,13.6566166,0.0667285471077221,218
"797",1549,15.13772,10.5448828,0.0683695605624003,219
"798",1550,15.07068,10.5706659,0.068310560078655,219
"799",1551,17.28402,11.56360181,0.0723985935964642,220
"800",1552,17.25193,11.56761251,0.0725725950231028,220
"801",1553,17.33444,11.58079054,0.072313592899543,220
"802",1554,17.25651,11.55214265,0.0726525956790287,220
"803",1555,18.90892,10.1753251,0.0731485997457687,221
"804",1556,18.91293,10.1587093,0.0731155994751993,221
"805",1558,16.42687,13.1638729,0.0648025313163081,222
"806",1559,16.3902,13.1644459,0.0644615285204243,222
"807",1560,16.42573,13.1644459,0.0647405308079656,222
"808",1561,16.42916,13.1621541,0.0648475316852663,222
"809",1562,20.85526,13.3896183,0.0683615604968078,223
"810",1563,20.82432,13.4027963,0.0684445611773308,223
"811",1564,20.85469,13.3884724,0.0684255610215484,223
"812",1566,17.75842,10.909857,0.0709535817488042,224
"813",1568,17.80025,10.8978248,0.0708065805435405,224
"814",1569,20.45591,10.9407967,0.0692485677693852,225
"815",1570,15.96048,12.10103622,0.074789613200447,226
"816",1571,15.95934,12.085566357,0.0740426070757397,226
"817",1572,16.70762,12.12681932,0.072065590866173,227
"818",1573,16.73168,12.10504692,0.0721975919484506,227
"819",1574,14.57622,10.0126051,0.0691585670314687,228
"820",1576,20.03192,12.039729733,0.0693335684663064,229
"821",1577,20.04281,11.985871701,0.068901564924307,229
"822",1578,20.03135,12.072388328,0.0693235683843157,229
"823",1579,20.79109,13.9138747,0.0654245364161313,230
"824",1580,20.74869,13.8777783,0.0660075411961907,230
"825",1581,20.78078,13.9150206,0.0649065321690116,230
"826",1582,20.70629,13.8926752,0.0655455374082191,230
"827",1583,16.62741,12.46658329,0.0660195412945795,231
"828",1584,16.63314,12.49465822,0.0659495407206444,231
"829",1587,15.96736,11.962380431,0.0744806106669335,232
"830",1588,15.95876,11.922846343,0.0749046141433403,232
"831",1589,17.6192,11.43124855,0.0693615686958804,233
"832",1590,17.66274,11.38884968,0.0693855688926582,233
"833",1591,17.653,11.49484687,0.069217567515214,233
"834",1593,19.58387,12.56742386,0.068914565030895,234
"835",1594,18.22023,10.4732631,0.071336584889049,235
"836",1595,14.18431,10.339191,0.068557562103826,236
"837",1596,14.18661,10.3328885,0.0685945624071917,236
"838",1598,15.60124,11.968110009,0.0740686072889156,237
"839",1599,15.60525,11.957796769,0.0736336037223189,237
"840",1600,13.63198,10.3735685,0.0689385652276727,238
"841",1601,13.6423,10.3500772,0.0690595662197605,238
"842",1604,18.89918,10.6044705,0.0691515669740752,239
"843",1605,18.9496,10.5792603,0.0692405677037926,239
"844",1606,18.95132,10.5786874,0.0693945689664498,239
"845",1609,12.29126,12.15890495,0.0661015419669035,161
"846",1611,16.36614,11.18258487,0.0704095772885086,240
"847",1612,16.37187,11.17456346,0.0701065748041896,240
"848",1615,14.88848,10.1443853,0.0766516284671203,178
"849",1616,14.88447,10.1432394,0.076881630352907,178
"850",1617,15.68203,10.1822006,0.0684675613659095,241
"851",1618,15.7038,10.1919408,0.0685265618496548,241
"852",1619,15.68374,10.1804817,0.0681665588979886,241
"853",1620,19.69731,11.87930155,0.0700725745254211,242
"854",1621,19.6956,11.85351845,0.0699875738284999,242
"855",1622,19.742,11.80825478,0.0696115707456486,242
"856",1623,17.09379,11.952640148,0.0718345889721872,243
"857",1624,17.0365,11.940608035,0.0721905918910571,243
"858",1625,17.05025,11.919408596,0.0725005944327696,243
"859",1626,17.01301,11.952640148,0.0725395947525335,243
"860",1627,17.06343,11.958369726,0.0718605891853631,243
"861",1629,14.58481,10.0784952,0.0765086272946529,244
"862",1630,14.58367,10.0819329,0.0764666269502919,244
"863",1631,14.49027,13.5105124,0.0648885320214283,245
"864",1632,14.58195,13.4858752,0.0646965304472064,245
"865",1634,19.50824,12.52158724,0.0684495612183262,234
"866",1635,15.09188,10.1163104,0.069465569548584,246
"867",1636,15.10162,10.0985487,0.0690315659901864,246
"868",1637,20.60144,11.15565586,0.0693305684417092,247
"869",1638,20.60545,11.17227163,0.0693545686384869,247
"870",1639,19.74602,11.73892689,0.0698825729675973,242
"871",1644,16.65204,11.40202771,0.0714175855531739,248
"872",1647,12.30329,12.15317538,0.0659425406632509,161
"873",1648,12.30215,12.14859171,0.0659385406304547,161
"874",1649,15.78115,10.6491612,0.0692365676709964,249
"875",1650,15.77943,10.6577555,0.0689375652194736,249
"876",1652,15.76167,13.1111608,0.0649985329233263,250
"877",1653,15.75708,13.0928262,0.0652295348173121,250
"878",1654,19.59418,10.8886575,0.0679475571023917,251
"879",1656,16.85602,13.0515732,0.0645585293157343,252
"880",1657,19.50194,11.62720012,0.0681745589635812,199
"881",1660,20.78307,13.6984425,0.0676685548148504,253
"882",1661,20.76817,13.7081828,0.0681615588569932,253
"883",1662,20.78135,13.6898482,0.0670525497642216,253
"884",1663,17.96755,10.0051566,0.0717125879719003,203
"885",1664,18.02943,10.393622,0.0712355840609427,189
"886",1666,17.98704,11.29660347,0.0728645974172321,254
"887",1667,17.97844,11.29316573,0.0730645990570466,254
"888",1670,18.05579,10.4354479,0.070690579592448,189
"889",1673,18.11022,11.32181362,0.0730555989832549,254
"890",1674,19.70075,11.78533647,0.0690275659573902,242
"891",1676,17.58883,11.4238001,0.072257592440395,202
"892",1678,15.69119,11.47479335,0.0702415759110644,255
"893",1679,15.19272,12.78915853,0.0700515743532406,192
"894",1680,15.21163,12.80921205,0.0703765770179392,192
"895",1681,17.71373,11.45760461,0.07033257665718,233
"896",1687,18.23341,11.02674035,0.0720595908169785,181
"897",1688,18.23914,11.02845922,0.0716545874963541,181
"898",1695,15.74792,11.37337982,0.0686515628745388,186
"899",1696,15.74792,11.36765024,0.068915565039094,186
"900",1699,15.63218,11.51088969,0.0706715794366657,255
"901",1700,15.63161,11.50745194,0.0706715794366657,255
"902",1706,19.06993,10.8508423,0.070222575755282,256
"903",1707,19.07623,10.8227674,0.070056574394236,256
"904",1709,19.81248,12.11536016,0.0685125617348677,195
"905",1710,17.87817,11.85638324,0.0667445472389072,257
"906",1712,10.99237,10.4239888,0.064869531865646,258
"907",1713,10.99638,10.3540879,0.0647525309063545,258
"908",1714,19.79873,13.1197552,0.0677645556019614,259
"909",1720,17.92974,10.0085943,0.0703615768949531,203
"910",1721,18.59666,10.7207809,0.072987598425718,260
"911",1722,18.58635,10.7104676,0.0727545965153341,260
"912",1725,14.96296,13.474989,0.0660855418357183,261
"913",1726,19.32661,10.1925138,0.0657835393595984,262
"914",1727,19.2739,10.1953786,0.0659455406878482,262
"915",1730,15.29643,12.81608755,0.0695585703110978,192
"916",1734,16.39708,11.9921742363,0.0726745958594082,263
"917",1736,14.924,13.4366008,0.0668045477308516,261
"918",1745,15.674,11.78132577,0.0728235970810701,264
"919",1746,15.68088,11.78419056,0.0729985985159078,264
"920",1751,14.96583,13.4102448,0.0685365619316455,265
"921",1754,19.59934,10.8485505,0.0684765614397011,251
"922",1763,18.07699,11.29201981,0.0730865992374262,254
"923",1769,18.15434,10.4761279,0.0709825819865773,235
"924",1773,17.81228,10.3947679,0.0712965845610861,266
"925",1774,17.17515,11.56073702,0.0723465931701124,220
"926",1775,13.05272,10.4457611,0.0688675646455385,267
"927",1776,17.7527,10.964288,0.0712275839953501,224
"928",1780,17.10296,11.80768183,0.0734586022874812,268
"929",1781,17.07832,11.75554267,0.0734736024104673,268
"930",1785,15.05865,13.3626893,0.0699365734103472,269
"931",1789,19.59991,11.63579449,0.068351560414817,199
"932",1792,20.30121,12.29870666,0.0699395734349445,209
"933",1794,18.07298,10.963715,0.0705765786577538,181
"934",1800,18.32966,12.85046501,0.0660235413273758,270
"935",1807,16.39421,12.065512834,0.0727695966383202,263
"936",1810,14.94005,13.597602,0.0664745450251576,271
"937",1816,17.8226,10.6228051,0.0716195872093866,190
"938",1819,17.48913,11.52349476,0.072533594703339,202
"939",1821,14.47423,13.8462657,0.0660195412945795,206
"940",1822,19.63486,10.8869386,0.0677715556593549,251
"941",1826,17.20036,11.63522153,0.072904597745195,220
"942",1833,19.31572,11.23758882,0.0680795581846693,196
"943",1837,15.69291,13.1587163,0.0641845262492812,208
"944",1840,14.59398,10.0418259,0.068791564022409,228
"945",1842,17.13447,12.79889881,0.0647635309965442,272
"946",1845,14.91369,13.4354549,0.0687625637846359,265
"947",1864,20.52295,10.9413696,0.0690225659163948,225
"948",1865,19.42459,11.96524522,0.068268559734294,273
"949",1869,14.90338,10.5735307,0.0678405562250909,274
"950",1873,17.71316,11.42322715,0.070442577559078,233
"951",1877,16.8331,13.0584487,0.0644805286762067,252
"952",1879,14.74868,13.4853023,0.0651505341695854,275
"953",1882,17.58482,11.62261646,0.0727845967613062,202
"954",1889,15.98455,11.940608035,0.0751396160701224,232
"955",1892,18.03975,10.352369,0.0706525792808833,189
"956",1893,17.16369,12.88426952,0.0647705310539377,272
"957",1898,17.70858,11.58250941,0.0728125969908803,202
"958",1899,15.0724,13.4285794,0.0698075723526669,269
"959",1904,14.64555,13.7849592,0.0669185486655459,205
"960",1908,14.74982,13.4686865,0.0647255306849795,275
"961",1927,15.55483,10.963715,0.0717875885868308,188
"962",1940,19.73685,13.1209011,0.0684135609231595,259
"963",1942,16.5999,11.42093531,0.0709285815438273,248
"964",1947,21.66199,12.92380361,0.0642345266592348,276
"965",1953,19.49162,11.938889161,0.068405560857567,273
"966",1967,17.81859,11.17628234,0.0732236003606992,201
"967",1968,14.92228,13.623958,0.0666135461648287,271
"968",1969,16.98379,11.33098094,0.0713325848562527,210
"969",1973,17.56534,11.47364743,0.0723765934160846,202
"970",1976,17.10583,10.5517583,0.0704055772557123,277
"971",1978,17.18776,10.5339966,0.0704205773786984,277
"972",1982,17.78879,10.3552338,0.0709255815192301,266
"973",1984,13.00918,10.4108107,0.0687145633910804,267
"974",1988,17.12932,10.5402992,0.0701315750091664,277
"975",1990,18.90377,10.5574879,0.0692905681137463,239
"976",2000,15.08615,13.2458059,0.0709075813716468,131
"977",2008,18.33081,12.78629374,0.0660045411715934,270
"978",2016,17.81572,11.8569562,0.0667805475340739,257
"979",2021,19.7655,13.1506949,0.0679715572991694,259
"980",2022,14.96583,10.5798333,0.0677575555445679,274
"981",2023,21.70267,12.92380361,0.0643505276103272,276
"982",2024,19.51053,11.67647449,0.0679835573975583,199
"983",2025,17.6467,11.5487049,0.0731836000327362,202
"984",2026,15.59494,13.2183039,0.0648895320296274,208
"985",2031,21.99201,11.54182941,0.0605994968556056,278
"986",2032,21.97081,11.60428181,0.0599564915836019,278
"987",2033,11.53381,13.0888155,0.0555984558520431,281
"988",2034,11.53438,13.2188769,0.0533804376664999,281
"989",2035,11.55673,13.2395034,0.0542584448652857,281
"990",2036,11.49141,13.0888155,0.055940458656126,281
"991",2037,11.53324,13.2137203,0.0527614325912739,281
"992",2038,11.37338,13.3506572,0.0546604481613129,281
"993",2039,11.57506,13.1254848,0.0546304479153407,281
"994",2040,11.59856,13.2595569,0.0553574538760666,281
"995",2041,11.41349,13.5958831,0.0549734507276227,280
"996",2042,11.46047,13.311696,0.0570254675521198,281
"997",2043,11.4811,13.2463788,0.0552484529823676,281
"998",2044,11.54069,13.1787698,0.0546044477021648,281
"999",2045,11.51376,13.3787321,0.0560394594678342,281
"1000",2046,11.52522,13.0991287,0.0553814540728443,281
"1001",2047,11.445,13.2876318,0.0563394619275559,281
"1002",2048,11.45818,13.3220093,0.0558414578444178,281
"1003",2049,11.43813,13.2824752,0.0540764433730545,281
"1004",2050,11.45589,13.2778915,0.0561044600007739,281
"1005",2052,13.55177,11.13846712,0.0541534440043831,282
"1006",2053,13.43087,11.24790206,0.0557964574754595,283
"1007",2054,13.67037,11.28858206,0.0558524579346076,284
"1008",2055,13.76491,11.22097304,0.0550854516459188,285
"1009",2056,13.74256,11.13961304,0.053987442643337,285
"1010",2057,13.50651,11.06169078,0.0543684457671837,282
"1011",2058,13.56552,11.15737473,0.0536444398310551,282
"1012",2059,13.50651,11.16310431,0.0549264503422663,282
"1013",2060,13.50192,11.22097304,0.0542204445537209,282
"1014",2061,13.53057,11.22670262,0.0543914459557624,282
"1015",2062,13.53458,11.09778712,0.0547134485958638,282
"1016",2063,13.5489,11.08861979,0.0539254421349945,282
"1017",2064,13.59761,11.16654205,0.0531964361578705,282
"1018",2065,13.61537,11.02616739,0.0540054427909203,282
"1019",2066,13.70475,11.221546,0.0543154453326328,285
"1020",2067,13.66063,11.29373868,0.0557524571147003,284
"1021",2068,13.56151,11.13044571,0.0550994517607058,282
"1022",2069,13.61193,11.14992628,0.0539014419382167,282
"1023",2070,13.55463,11.13961304,0.0551404520968678,282
"1024",2071,13.59474,11.12872684,0.0539274421513926,282
"1025",2072,13.43202,11.25248572,0.0558524579346076,283
"1026",2073,12.38981,11.01184345,0.0541704441437673,286
"1027",2074,12.4408,11.04564796,0.0540814434140498,286
"1028",2075,12.33767,11.06169078,0.0541884442913506,286
"1029",2076,12.39096,10.9258998,0.0543204453736282,286
"1030",2077,12.352,10.9728823,0.0545264470626372,286
"1031",2078,12.3434,11.06570148,0.0535244388471664,286
"1032",2079,12.38752,11.02043782,0.0539224421103973,286
"1033",2080,12.40986,10.9946547,0.0544284462591281,286
"1034",2081,12.3371,11.0668474,0.0542174445291237,286
"1035",2083,11.7332,11.06799331,0.0540304429958971,287
"1036",2084,11.67476,11.05424233,0.0536744400770272,287
"1037",2085,11.74008,11.10580853,0.054138443881397,287
"1038",2086,11.76357,11.06971219,0.0535654391833283,287
"1039",2087,11.69424,11.02502148,0.0540204429139064,287
"1040",2088,11.60543,11.05710711,0.054358445685193,287
"1041",2089,14.12186,13.8027209,0.0587544817283165,288
"1042",2090,14.06915,13.9465333,0.0592484857786584,288
"1043",2091,14.10467,13.8743406,0.0592104854670936,288
"1044",2092,14.12358,13.7832403,0.0583044780387338,288
"1045",2093,14.10525,13.8405361,0.0590984845487975,288
"1046",2094,14.11441,13.8136071,0.0585354799327196,288
"1047",2095,14.11671,13.8061586,0.0584484792194003,288
"1048",2096,14.12874,13.8095964,0.0594444873856766,288
"1049",2097,14.10868,13.8307958,0.0585764802688816,288
"1050",2098,14.119,13.8055857,0.0587434816381267,288
"1051",2099,14.27828,13.5924454,0.0588234822940525,289
"1052",2100,14.2737,13.5855699,0.0593154863279963,289
"1053",2101,14.39631,13.583851,0.0588614826056173,289
"1054",2102,14.29833,13.6090611,0.0589844836141032,289
"1055",2103,14.15051,13.665784,0.0580724761365489,290
"1056",2105,14.31896,13.65146,0.0595714884269589,289
"1057",2106,14.0703,13.9465333,0.0592624858934454,288
"1058",2107,14.40376,13.583278,0.0582374774893959,289
"1059",2108,14.24562,13.6881293,0.057757473553841,290
"1060",2109,18.12111,11.59167674,0.0575394717664432,291
"1061",2111,18.15835,11.67819336,0.0574874713400914,291
"1062",2115,13.81418,13.2681512,0.0542314446439107,292
"1063",2119,13.81132,13.271589,0.054042443094286,292
"1064",2120,13.21773,11.50401419,0.0542944451604523,293
"1065",2121,13.18508,11.5446942,0.0539164420612028,293
"1066",2122,13.18336,11.54584011,0.054001442758124,293
"1067",2123,13.21143,11.53438096,0.0542604448816838,293
"1068",2124,13.22175,11.49427391,0.0549604506210347,293
"1069",2125,13.38848,11.48510659,0.0536134395768838,294
"1070",2126,13.40566,11.47765814,0.0536244396670736,294
"1071",2127,13.19195,11.3791094,0.0543394455294106,295
"1072",2128,13.32545,11.40374658,0.0538544415528603,294
"1073",2129,13.29222,11.57276913,0.0537154404131892,293
"1074",2130,13.21143,11.31722995,0.0545204470134427,295
"1075",2131,12.52446,11.72288407,0.0608264987167951,296
"1076",2132,12.52044,11.7062683,0.06075649814286,296
"1077",2133,12.53649,11.72231111,0.0608364987987858,296
"1078",2134,12.52044,11.72402999,0.0614065034722572,296
"1079",2135,14.01758,10.652026,0.0540434431024851,297
"1080",2136,13.9918,10.6841116,0.0543354454966143,297
"1081",2137,14.02217,10.6365561,0.0548974501044931,297
"1082",2138,14.0067,10.787244,0.0548024493255812,297
"1083",2139,17.36423,11.1224243,0.059806490353741,298
"1084",2140,17.33386,11.19404403,0.0598194904603289,298
"1085",2141,17.35277,11.1550829,0.0604654957569298,298
"1086",2142,17.87072,10.6600474,0.0582104772680209,299
"1087",2143,17.83062,10.6474423,0.0577744736932252,299
"1088",2144,17.87359,10.5546231,0.0574754712417025,299
"1089",2145,17.8415,10.6268158,0.0569274667486107,299
"1090",2147,14.52809,13.3987856,0.0589844836141032,300
"1091",2148,14.61403,13.3655541,0.058692481219974,300
"1092",2149,14.96812,13.529993,0.0589604834173255,301
"1093",2150,14.98359,13.5517654,0.0592904861230195,301
"1094",2151,14.96697,13.5282741,0.058940483253344,301
"1095",2152,14.99104,13.5437439,0.0591004845651956,301
"1096",2153,16.56553,13.8857997,0.0612255019882251,302
"1097",2154,16.52542,13.8674651,0.0609204994875079,302
"1098",2155,16.54605,13.9035614,0.0616555055138263,302
"1099",2157,13.69501,12.07181537,0.0543904459475633,303
"1100",2158,13.70589,12.10103622,0.0548844499979052,303
"1101",2159,13.70074,12.083847484,0.0542334446603089,303
"1102",2160,19.56954,13.1776239,0.0597314897388105,304
"1103",2161,19.57986,13.1776239,0.0595494882465793,304
"1104",2163,17.00728,13.801575,0.0613335028737249,305
"1105",2165,13.96544,12.45455118,0.0602894943138931,306
"1106",2166,13.95513,12.48205315,0.0607524981100637,306
"1107",2167,16.53688,10.0956839,0.0565784638871343,307
"1108",2168,16.58845,10.0653172,0.0571444685278095,307
"1109",2169,16.52886,10.0796411,0.0565764638707362,307
"1110",2170,21.05752,10.0847977,0.0626845139506721,308
"1111",2172,21.03288,10.1186022,0.062531512696214,308
"1112",2173,21.05809,10.0767763,0.0627035141064545,308
"1113",2174,16.78841,13.4469141,0.0624505120320891,309
"1114",2175,16.82221,13.4663946,0.0626225134423296,309
"1115",2176,16.15815,11.28113361,0.0601124928626572,310
"1116",2177,16.11289,11.24503727,0.0600514923625138,310
"1117",2178,16.14669,11.28743615,0.0602174937235598,310
"1118",2179,16.18279,11.27597699,0.0603064944532773,310
"1119",2180,16.16331,11.2691015,0.0602074936415691,310
"1120",2182,15.04833,12.92953319,0.0600994927560692,311
"1121",2183,15.11365,12.94557601,0.059600488664732,311
"1122",2184,15.07813,12.89744755,0.0606334971343741,311
"1123",2185,15.31075,10.2469448,0.0605164961750826,312
"1124",2186,15.31533,10.2606958,0.0607384979952767,312
"1125",2189,17.22958,10.2188699,0.0569444668879949,313
"1126",2191,21.71527,12.29870666,0.0606774974951333,314
"1127",2192,21.67688,12.24255679,0.0608324987659895,314
"1128",2193,21.71871,12.29584187,0.0612135018898362,314
"1129",2194,12.21735,12.91349037,0.0615845049316922,315
"1130",2195,12.21449,12.9117715,0.0609444996842857,315
"1131",2196,19.81019,12.86536192,0.0597484898781947,316
"1132",2197,19.83883,12.85619459,0.0597394898044031,316
"1133",2198,19.79529,12.84358952,0.0592334856556723,316
"1134",2200,10.74026,10.1289155,0.0608374988069849,317
"1135",2201,10.72193,10.1392287,0.0608714990857534,317
"1136",2202,10.65088,10.1953786,0.0609294995612996,317
"1137",2203,10.68813,10.1741792,0.060879499151346,317
"1138",2207,21.2592,13.6571896,0.0609955001024384,318
"1139",2208,21.29472,13.7259445,0.0606054969048,318
"1140",2209,12.49982,12.36918047,0.0611085010289336,319
"1141",2210,12.52388,12.38808807,0.0608194986594016,319
"1142",2211,14.0617,13.0326656,0.0595844885335468,320
"1143",2212,14.06399,13.0424059,0.0596954894436439,320
"1144",2213,14.05884,13.0355304,0.0599114912146436,320
"1145",2214,14.06227,13.0378222,0.0600014919525601,320
"1146",2215,20.36882,12.81379571,0.0597744900913706,321
"1147",2216,20.35564,12.78743966,0.0604464956011475,321
"1148",2217,20.33559,12.84874614,0.0594064870741119,321
"1149",2219,20.94407,10.4681065,0.0534954386093932,322
"1150",2220,20.96069,10.4486259,0.053630439716268,322
"1151",2221,20.95725,10.4852952,0.053216436321852,322
"1152",2222,14.37969,12.060929172,0.0548574497765302,323
"1153",2223,14.38485,12.075253117,0.0554224544090063,323
"1154",2225,14.33271,12.55997541,0.0568924664616431,324
"1155",2226,14.2863,12.50783625,0.057192468921365,324
"1156",2227,14.31266,12.56169428,0.0566634645840555,324
"1157",2230,10.88121,11.33040798,0.0570484677406985,325
"1158",2231,10.88293,11.32639728,0.0567344651661897,325
"1159",2232,10.98033,11.36765024,0.0571824688393742,325
"1160",2233,19.04873,10.7803685,0.0543904459475633,326
"1161",2234,19.07852,10.8611555,0.0542714449718737,326
"1162",2235,10.90298,11.60198998,0.0541204437338137,327
"1163",2236,10.90127,11.61230322,0.0546854483662897,327
"1164",2237,14.03649,12.59492584,0.0598104903865372,328
"1165",2238,14.06399,12.6035202,0.0599214912966343,328
"1166",2239,14.08748,12.63904359,0.0605354963308649,328
"1167",2241,10.87376,11.43411334,0.0539904426679342,329
"1168",2242,20.25996,13.3202904,0.0598884910260649,330
"1169",2243,20.17058,13.3323225,0.0599904918623703,330
"1170",2244,20.17115,13.3340414,0.0601134928708563,330
"1171",2245,16.85258,10.175898,0.0601844934529904,331
"1172",2246,16.85029,10.1816276,0.0603974951993929,331
"1173",2247,16.38619,10.3042406,0.0565034632722039,332
"1174",2248,16.3776,10.2509555,0.0563984624113012,332
"1175",2249,16.41885,10.2818952,0.0567064649366156,332
"1176",2250,16.38447,10.3048135,0.0562224609682644,332
"1177",2251,14.81056,11.909668314,0.0547054485302712,333
"1178",2252,14.81743,11.921700427,0.054895450088095,333
"1179",2254,16.23149,13.4555084,0.0636515218791754,334
"1180",2255,16.21316,13.4692594,0.0634925205755229,334
"1181",2256,17.96526,11.74866717,0.0578294741441742,335
"1182",2257,10.41368,11.07945247,0.0543354454966143,336
"1183",2258,10.40623,11.07887951,0.0547894492189933,336
"1184",2260,15.25689,13.5116583,0.0544794466772808,44
"1185",2262,15.44425,10.9900711,0.0602524940105274,337
"1186",2263,15.43852,10.9322023,0.0603994952157911,337
"1187",2266,16.01434,13.5471817,0.0607734982822442,338
"1188",2267,16.09054,13.5912994,0.0607064977329064,338
"1189",2268,17.3522,12.70894444,0.0594894877546349,339
"1190",2269,17.33558,12.73243571,0.0595384881563895,339
"1191",2271,15.29356,11.972120713,0.0578424742507622,340
"1192",2272,15.29184,11.970974798,0.0578414742425631,340
"1193",2273,15.24543,12.026551704,0.0576404725945495,340
"1194",2276,11.32182,12.38808807,0.055610455950432,341
"1195",2277,11.35333,12.44481089,0.0556224560488208,341
"1196",2279,21.73819,10.7803685,0.0551164519000901,342
"1197",2280,21.73762,10.7803685,0.0550614514491411,342
"1198",2281,21.82356,10.7511477,0.0551134518754928,342
"1199",2282,15.76854,11.52120293,0.0571904689049668,343
"1200",2283,15.76109,11.52693251,0.0571714687491844,343
"1201",2284,10.73396,10.2469448,0.0577464734636512,344
"1202",2286,12.68316,12.49924188,0.0611085010289336,345
"1203",2287,12.67801,12.51184696,0.061293502545762,345
"1204",2291,14.91541,10.0618794,0.0549034501536876,346
"1205",2292,14.92458,10.0721927,0.0548994501208913,346
"1206",2294,11.39917,10.7815144,0.0567824655597451,347
"1207",2295,11.39286,10.7408344,0.0570214675193235,347
"1208",2296,11.41922,10.7545854,0.0566044641003102,347
"1209",2302,11.36536,13.3741484,0.055005450989993,281
"1210",2304,19.4922,13.3815969,0.0550724515393309,29
"1211",2305,19.47844,13.3689918,0.0552284528183862,29
"1212",2309,13.06132,13.5099394,0.0623225109826078,348
"1213",2310,13.04585,13.5076476,0.062462512130478,348
"1214",2311,12.36517,10.1976704,0.0548394496289469,349
"1215",2312,12.33653,10.202827,0.0551634522854465,349
"1216",2313,12.27178,10.2234535,0.0550584514245438,349
"1217",2317,11.37338,13.3518031,0.0546994484810768,281
"1218",2323,19.3862,11.60256294,0.0588174822448581,350
"1219",2324,19.40511,11.58709308,0.0591124846635845,350
"1220",2327,14.52064,13.122047,0.0585574801130992,351
"1221",2328,15.51128,12.904896,0.060220493748157,352
"1222",2329,15.45972,12.84874614,0.0599694916901898,352
"1223",2331,12.71181,13.6508871,0.0569274667486107,353
"1224",2332,12.7164,13.65146,0.0572184691345408,353
"1225",2333,10.32945,10.1776169,0.0609324995858968,354
"1226",2334,10.33461,10.1822006,0.061320502767137,354
"1227",2339,21.56344,11.25764234,0.0541834442503552,355
"1228",2340,21.6173,11.20722206,0.0541844442585543,355
"1229",2348,16.32202,13.1151715,0.0624375119255012,356
"1230",2349,16.31858,13.1145986,0.0626165133931352,356
"1231",2353,19.76721,12.55481879,0.0597954902635512,357
"1232",2354,19.76779,12.62815739,0.059917491263838,357
"1233",2358,12.9536,11.87930155,0.0547394488090397,358
"1234",2359,12.96048,11.87815564,0.0546404479973315,358
"1235",2361,15.73015,12.75821881,0.0604384955355549,359
"1236",2362,15.725,12.77483458,0.0607114977739017,359
"1237",2364,16.20628,11.09320346,0.0566864647726342,360
"1238",2365,16.21144,11.09148458,0.0566004640675139,360
"1239",2368,10.91101,11.45989644,0.0539654424629574,329
"1240",2376,11.59626,10.2251724,0.0559754589430935,361
"1241",2377,11.61345,10.1988163,0.0561784606075052,361
"1242",2379,10.87205,10.9717364,0.0544754466444845,362
"1243",2385,11.49943,12.82124417,0.0554014542368258,363
"1244",2386,11.49485,12.823536,0.0548864500143033,363
"1245",2390,15.87397,13.8978319,0.0591154846881817,364
"1246",2391,15.87225,13.9247609,0.0591534849997465,364
"1247",2395,20.3608,12.82811966,0.0601124928626572,321
"1248",2415,19.02294,13.1180363,0.0601284929938423,365
"1249",2416,14.86098,11.36994207,0.0561174601073618,366
"1250",2424,18.86366,13.8605896,0.0555684556060709,367
"1251",2425,18.87455,13.8697569,0.0558784581477834,367
"1252",2428,13.27446,11.0192919,0.0546574481367157,368
"1253",2433,10.45665,13.896113,0.0552164527199973,369
"1254",2434,10.45608,13.89554,0.055005450989993,369
"1255",2437,15.05922,11.61574096,0.0544634465460956,370
"1256",2438,14.91312,12.92609544,0.0586734810641916,371
"1257",2439,14.96812,12.93468981,0.0585994804574602,371
"1258",2447,10.93908,13.9963806,0.0552464529659695,372
"1259",2461,11.41234,13.5947372,0.0550414512851596,280
"1260",2465,10.08595,11.9927471941,0.0525584309268621,373
"1261",2477,13.7758,12.39324469,0.0548724498995163,374
"1262",2485,14.51835,13.1633,0.0592794860328296,351
"1263",2489,11.62033,13.1833535,0.0549204502930718,281
"1264",2492,15.35028,12.57429936,0.0582294774238033,375
"1265",2493,14.32985,12.27005877,0.0550134510555856,376
"1266",2507,21.21393,13.9803378,0.0606144969785917,377
"1267",2510,17.19292,10.2664254,0.0569434668797959,313
"1268",2512,13.74543,12.41559005,0.0545454472184196,374
"1269",2531,19.87493,12.43277878,0.0596684892222689,378
"1270",2535,18.66599,10.7494288,0.0577174732258781,379
"1271",2547,14.71258,13.1237659,0.0583154781289236,380
"1272",2551,15.2907,12.65394049,0.0584414791620067,375
"1273",2552,14.48684,12.24255679,0.0546034476939658,376
"1274",2553,10.0086,12.040302691,0.0526024312876213,373
"1275",2559,10.85543,13.9436685,0.0552594530725575,372
"1276",2565,21.19216,13.8835079,0.0609094993973181,377
"1277",2570,18.7336,10.6869764,0.0576544727093365,379
"1278",2571,19.70992,11.02043782,0.0549634506456319,381
"1279",2575,16.7483,13.4314442,0.0627035141064545,309
"1280",2583,14.98359,11.60198998,0.0538614416102538,370
"1281",2587,13.32087,11.05023162,0.0544774466608826,368
"1282",2588,11.63064,13.0504273,0.0555044550813303,281
"1283",2593,14.52637,13.190229,0.0589234831139598,351
"1284",2595,14.24161,13.5087935,0.0583844786946596,289
"1285",2598,15.11537,11.67246379,0.0541324438322025,370
"1286",2600,18.77084,13.8038668,0.0557294569261216,367
"1287",2608,17.91943,11.81856802,0.057138468478615,335
"1288",2613,12.13656,12.95703516,0.0608914992497348,315
"1289",2622,19.9603,12.48262611,0.0602084936497682,378
"1290",2643,18.94846,13.0830859,0.0606844975525268,365
"1291",2646,14.89707,11.37051503,0.0560774597793989,366
"1292",2654,18.94216,10.2412152,0.0575834721272024,382
"1293",2660,15.4305,11.08861979,0.0603964951911938,337
"1294",2671,19.69961,11.06054486,0.0543824458819707,381
"1295",2676,17.03191,13.8703299,0.0617995066944928,305
"1296",2678,10.16444,12.043740438,0.0527674326404683,373
"1297",2679,14.79566,13.1272036,0.0588544825482238,380
"1298",2684,13.76434,11.05195049,0.0536334397408653,285
"1299",2687,10.82449,10.9390778,0.0544214462017345,362
"1300",2690,10.71907,10.244653,0.0579614752264518,344
"1301",2691,17.48856,10.7763578,0.0567964656745322,383
"1302",2692,17.50117,10.7563043,0.0568184658549118,383
"1303",2702,18.85736,10.2343397,0.0577594735702392,382
"1304",2718,14.42782,12.30558215,0.0549044501618867,376
"1305",2726,21.53594,13.2532543,0.0769466308858467,384
"1306",2727,21.67688,13.3781591,0.0798316545401715,384
"1307",2728,21.61443,13.4102448,0.080182657418046,384
"1308",2729,21.72272,13.2704431,0.0754176183494646,384
"1309",2730,21.82413,13.3414898,0.0765056272700557,384
"1310",2731,21.57604,13.5305659,0.0777706376418827,384
"1311",2732,21.64422,13.5368685,0.0782756417824143,384
"1312",2733,21.59438,13.5809862,0.0777656376008873,384
"1313",2736,21.64365,13.32602,0.0759946230803296,384
"1314",2737,21.93013,13.2005422,0.0778506382978085,388
"1315",2738,21.6173,13.3718566,0.077527635649508,384
"1316",2739,21.44025,13.3827428,0.0774186347558091,389
"1317",2740,21.55771,13.3684189,0.078559644110951,384
"1318",2741,21.66084,13.3644082,0.0784736434058307,384
"1319",2742,21.73418,13.2532543,0.0772566334275593,384
"1320",2743,21.67574,13.4165473,0.0766656285819073,384
"1321",2744,21.71756,13.3552408,0.0771106322304947,384
"1322",2745,21.61901,13.2790374,0.0761856246463525,384
"1323",2746,21.65167,13.3265929,0.0775636359446746,384
"1324",2747,21.76512,13.3185715,0.077059631812342,384
"1325",2748,21.71871,13.1930938,0.0776206364120217,384
"1326",2749,21.59782,13.4663946,0.0774066346574202,384
"1327",2750,21.61672,13.3793051,0.0773556342392675,384
"1328",2751,21.67345,13.3649811,0.0763966263763568,384
"1329",2752,21.6786,13.3552408,0.0769986313121985,384
"1330",2753,21.64938,13.3609704,0.0767926296231896,384
"1331",2754,21.66199,13.3815969,0.0775506358380866,384
"1332",2755,21.6723,13.3374791,0.078586644332326,384
"1333",2756,21.67574,13.3466465,0.0791686491041863,384
"1334",2757,21.7061,13.3134149,0.0792606498585009,384
"1335",2758,21.66829,13.3414898,0.0774256348132026,384
"1336",2759,21.66829,13.339771,0.0773336340588879,384
"1337",2760,21.67345,13.3460735,0.0765846279177824,384
"1338",2762,19.55579,12.18067735,0.0814376677078822,391
"1339",2763,19.45954,12.22823285,0.079041648062904,391
"1340",2764,19.55751,12.15088355,0.0804646597301844,391
"1341",2767,19.4899,12.22594102,0.0799006551059075,391
"1342",2768,19.35182,12.23052468,0.0792106494485473,392
"1343",2769,19.35469,12.3090199,0.0810306643708596,393
"1344",2770,19.47042,12.22995172,0.0797936542286067,391
"1345",2771,19.53975,12.12510044,0.0793266503996397,391
"1346",2772,19.54491,12.158332,0.0787446456277794,391
"1347",2773,19.47443,12.22364919,0.0785616441273491,391
"1348",2774,19.31057,12.3021444,0.0791876492599686,392
"1349",2775,19.52428,12.20646045,0.0802556580165783,391
"1350",2776,19.52027,12.19786608,0.0818516711022983,391
"1351",2777,19.52142,12.199012,0.0813536670191601,391
"1352",2778,19.51053,12.18239622,0.0793876508997832,391
"1353",2779,19.53574,12.20073087,0.0801296569834951,391
"1354",2780,19.35469,12.31016581,0.0808586629606191,393
"1355",2782,19.31744,13.1312143,0.0794436513589312,394
"1356",2784,19.27562,12.97078615,0.0796826533185096,395
"1357",2785,19.32776,13.0286549,0.0794436513589312,395
"1358",2786,19.31859,13.1329332,0.0803996591972447,394
"1359",2787,19.32432,13.1426735,0.0797306537120651,394
"1360",2788,19.2888,13.1272036,0.0798356545729677,394
"1361",2789,19.3587,13.1145986,0.0787906460049368,394
"1362",2790,19.32203,13.1421005,0.0797306537120651,394
"1363",2791,19.20572,13.1037124,0.0805316602795223,394
"1364",2792,18.20533,12.79660698,0.0791226487270289,396
"1365",2793,18.28039,12.81436867,0.0792876500798759,396
"1366",2794,18.18528,12.77712642,0.0793866508915841,396
"1367",2795,18.21335,12.79889881,0.0802646580903699,396
"1368",2796,18.21393,12.80749318,0.0791956493255612,396
"1369",2797,18.18012,12.84760022,0.0792376496699223,396
"1370",2798,18.20476,12.79603402,0.0795176519656626,396
"1371",2799,18.08902,12.92609544,0.0794486513999266,397
"1372",2801,18.04376,12.92781432,0.0788236462755062,397
"1373",2802,20.4731,12.44996751,0.0814326676668868,398
"1374",2803,20.42669,12.43163287,0.0821176732832516,398
"1375",2804,20.4857,12.46199963,0.0818946714548584,398
"1376",2805,20.4668,12.46314554,0.0811246651415724,398
"1377",2806,20.46049,12.46772921,0.0816706696182661,398
"1378",2808,18.00365,13.7780837,0.0740166068625638,399
"1379",2809,17.9899,13.7855321,0.0734836024924581,399
"1380",2810,17.98818,13.7517276,0.0742216085433737,399
"1381",2811,17.93891,13.7482899,0.0743296094288736,399
"1382",2812,17.67477,12.089577061,0.0777396373877114,400
"1383",2814,17.71946,12.11650608,0.0776306364940125,400
"1384",2815,17.67649,12.083847484,0.0774976354035358,400
"1385",2816,17.76587,12.019103253,0.0780636400442109,401
"1386",2817,17.76645,12.01967621,0.078311642077581,401
"1387",2819,20.6914,11.56245589,0.080430659451416,402
"1388",2820,20.70114,11.55787223,0.0799246553026852,402
"1389",2821,21.43452,13.8640274,0.0849066961504653,403
"1390",2822,21.50614,13.9069992,0.0844646925264752,403
"1391",2823,21.43796,13.8657462,0.0848636957979052,403
"1392",2824,18.55484,11.72173816,0.0798576547533473,404
"1393",2825,18.48264,11.68793365,0.0794886517278895,404
"1394",2826,18.55025,11.71772745,0.0795726524166116,404
"1395",2827,18.54567,11.7251759,0.0800716565079489,404
"1396",2828,21.47062,13.7763648,0.076591627975176,405
"1397",2829,21.54682,13.7683434,0.0772686335259482,405
"1398",2830,21.46661,13.7706352,0.0761266241626072,405
"1399",2831,21.54682,13.7683434,0.0768886304103005,405
"1400",2832,21.43051,13.7202149,0.0760626236378665,405
"1401",2833,21.6362,12.87109149,0.0767346291476433,406
"1402",2834,21.62761,12.89744755,0.0764396267289169,406
"1403",2835,21.63448,12.87682107,0.0763096256630375,406
"1404",2836,18.01225,13.9963806,0.0741406078792488,407
"1405",2837,17.98417,13.9866403,0.0738416054277261,407
"1406",2841,18.15778,12.066085792,0.0796776532775142,408
"1407",2842,18.14001,11.974412545,0.0800276561471897,408
"1408",2843,18.13486,12.054053678,0.0797076535234864,408
"1409",2844,18.1721,11.959515642,0.079880654941926,408
"1410",2845,18.08043,12.03285424,0.0798896550157177,408
"1411",2846,18.25346,11.87529085,0.0796636531627272,409
"1412",2847,18.26377,11.87128014,0.0794726515967044,409
"1413",2850,18.47978,12.59664471,0.073537602935208,410
"1414",2851,18.47749,12.59492584,0.0735996034435505,410
"1415",2852,18.4815,12.60122837,0.0737426046160179,410
"1416",2854,20.80083,12.41673596,0.081682669716655,411
"1417",2855,20.80255,12.416163,0.0819736721025851,411
"1418",2858,21.17669,11.5595911,0.080829662722846,412
"1419",2859,21.13601,11.56016406,0.081132665207165,412
"1420",2860,21.17555,11.55443448,0.0804646597301844,412
"1421",2861,21.45343,12.76681318,0.0751856164472798,413
"1422",2862,21.44942,12.77884529,0.0747286127003036,413
"1423",2863,21.36176,12.76967796,0.0751626162587011,413
"1424",2864,20.6278,13.4228499,0.0830826811953567,414
"1425",2865,20.64441,13.433736,0.0827996788750192,414
"1426",2866,21.24774,12.8899991,0.0819096715778445,415
"1427",2867,21.27008,12.90890671,0.0821126732422563,415
"1428",2868,21.29587,12.20187679,0.0813576670519564,416
"1429",2869,21.27925,12.24141088,0.081228665994276,416
"1430",2871,20.009,12.91463629,0.0820876730372794,417
"1431",2872,19.98723,12.92323065,0.0827196782190934,417
"1432",2878,16.70705,12.57086161,0.0754516186282331,418
"1433",2879,16.70476,12.56455907,0.0754826188824043,418
"1434",2880,20.67535,12.2030227,0.0812196659204843,419
"1435",2881,20.68452,12.20187679,0.0816266692575069,419
"1436",2884,20.66447,12.40699568,0.0697965722624771,216
"1437",2887,21.7296,10.5116513,0.078490643545215,420
"1438",2891,20.23131,12.10733875,0.0808186626326562,421
"1439",2892,20.21527,12.11192242,0.0808746630918043,421
"1440",2897,16.97634,12.07697199,0.0769446308694486,422
"1441",2898,18.85335,13.7247986,0.0748066133398312,423
"1442",2899,18.90778,13.6961507,0.0750806155863771,423
"1443",2900,21.93013,13.1999693,0.077968639265299,388
"1444",2922,19.08998,10.6623392,0.075560619521932,424
"1445",2925,21.65396,12.8424436,0.076536627524227,406
"1446",2927,18.50499,12.18125031,0.0794156511293572,425
"1447",2928,21.88429,10.5076406,0.0779976395030721,426
"1448",2929,21.90607,10.5190997,0.0782086412330765,426
"1449",2939,20.44044,12.45225935,0.0817566703233864,398
"1450",2943,16.52427,11.83060014,0.0768646302135228,427
"1451",2944,16.51568,11.82085986,0.0770706319025318,427
"1452",2946,16.57412,11.77846098,0.0776626367563828,427
"1453",2948,21.39556,12.7244143,0.0748646138153774,413
"1454",2955,17.95781,13.4199851,0.0737066043208513,428
"1455",2960,21.52104,12.2030227,0.0696295708932319,429
"1456",2962,18.53765,12.25573482,0.0791736491451816,425
"1457",2964,20.85698,12.45225935,0.0707475800597952,430
"1458",2965,17.1001,12.63560584,0.0749446144713032,431
"1459",2966,17.0915,12.65565936,0.0748096133644284,431
"1460",2972,17.89995,13.4159744,0.0740156068543647,428
"1461",2977,16.76549,11.898209158,0.0791386488582141,432
"1462",2984,16.90357,12.051188889,0.0768746302955135,422
"1463",2998,19.15071,10.6090541,0.0754526186364322,424
"1464",2999,21.43911,13.3821698,0.0774346348869942,389
"1465",3018,18.026,13.7620409,0.0741336078218553,399
"1466",3019,18.30789,13.1300684,0.0737326045340272,433
"1467",3021,20.96355,11.58652012,0.0807386619767304,434
"1468",3025,21.96451,10.0257831,0.0773986345918276,435
"1469",3042,20.9137,12.20703341,0.0818266708973215,436
"1470",3047,20.87933,12.18755284,0.0811256651497715,436
"1471",3048,21.93357,10.4789927,0.0793036502110611,426
"1472",3050,18.15033,11.29603051,0.0731976001475233,254
"1473",3051,20.56535,10.9958006,0.0768786303283098,437
"1474",3052,16.94482,12.02769762,0.0776936370105541,422
"1475",3053,20.91428,11.52349476,0.080815662608059,434
"1476",3064,21.55542,12.27521539,0.0696105707374496,429
"1477",3065,21.76626,11.26108009,0.0815196683802061,438
"1478",3067,18.35888,13.0636053,0.07367560406668,433
"1479",3068,20.62952,11.03361584,0.0771196323042863,437
"1480",3069,21.75022,11.33499164,0.0813216667567898,438
"1481",3073,21.95763,11.4048925,0.0813636671011508,439
"1482",3080,21.25232,11.52807842,0.081380667240535,412
"1483",3086,20.81286,12.39553652,0.07078558037136,430
"1484",3091,20.90167,12.43105991,0.0711245831508456,430
"1485",3100,21.98915,11.35389925,0.0813216667567898,439
"1486",3102,21.76741,10.4967544,0.0793146503012509,420
"1487",3105,21.95763,10.0819329,0.0777766376910771,435
"1488",3109,16.68527,11.87414493,0.0791116486368391,432
"1489",3110,21.89805,10.4726902,0.0787496456687748,426
"1490",3111,21.65568,13.3712836,0.0760776237608526,384
"1491",3120,19.20973,13.0154769,0.0795276520476534,395
"1492",3122,20.26855,12.2614644,0.099238813659575,441
"1493",3124,20.16026,12.23167059,0.0988788107079089,441
"1494",3125,20.15683,12.29068525,0.0982138052555255,441
"1495",3126,20.23246,12.21276299,0.0977978018447113,441
"1496",3127,20.18032,12.21677369,0.0993718147500517,441
"1497",3128,20.25366,12.21963848,0.0989398112080523,441
"1498",3129,20.18662,12.19270946,0.0987188093960572,441
"1499",3130,20.15855,12.23167059,0.0987678097978118,441
"1500",3135,18.1721,11.9910283207,0.0906007428359852,442
"1501",3136,18.14746,12.029416493,0.0904707417701057,442
"1502",3137,18.16179,11.957223811,0.0915757508300811,442
"1503",3138,18.11652,11.85065366,0.0907927444102071,442
"1504",3139,18.12053,11.906803525,0.0903247405730411,442
"1505",3140,18.18872,11.985298743,0.0915387505267154,442
"1506",3141,18.17439,11.9916012785,0.0911417472716835,442
"1507",3142,18.15033,11.938316204,0.0899937378591481,442
"1508",3143,18.11939,12.011081844,0.0908217446479802,442
"1509",3144,18.18299,11.982433954,0.089951737514787,442
"1510",3145,18.17554,11.99733085644,0.0924567580534641,442
"1511",3146,18.17267,11.9910283207,0.0928057609149405,442
"1512",3147,18.16981,11.99733085644,0.0910667466567531,442
"1513",3148,18.18528,12.051188889,0.0909027453121051,442
"1514",3150,20.25538,10.9287646,0.0910677466649521,443
"1515",3151,20.26569,10.909284,0.09218075579052,443
"1516",3152,20.25022,10.9625691,0.0909577457630541,443
"1517",3153,20.22329,10.9247539,0.0917387521665299,443
"1518",3154,20.30981,10.9241809,0.0924267578074919,443
"1519",3155,20.3247,10.8708958,0.0914327496576137,443
"1520",3156,20.29949,10.9293375,0.0915537506497014,443
"1521",3157,20.26683,10.9178784,0.0912697483211648,443
"1522",3158,20.2634,10.9528288,0.0906817435001101,443
"1523",3159,20.25423,10.9253268,0.0916947518057707,443
"1524",3160,20.25366,10.9241809,0.0905967428031889,443
"1525",3161,20.25652,10.9281916,0.0901187388840322,443
"1526",3162,12.38465,12.18869876,0.0980528039354748,444
"1527",3163,12.45169,12.14171622,0.0976878009428133,444
"1528",3164,12.39497,12.18125031,0.0972867976549851,444
"1529",3165,12.52216,12.16062383,0.098054803951873,444
"1530",3166,12.45226,12.14171622,0.0978568023284566,444
"1531",3167,12.37033,12.158332,0.0971757967448881,444
"1532",3168,18.48723,12.21791961,0.090997746091017,445
"1533",3169,18.53306,12.24255679,0.0907647441806331,445
"1534",3171,16.71049,12.20187679,0.0984388071003169,446
"1535",3172,16.68585,12.24427567,0.0990118117983855,446
"1536",3173,16.70934,12.19385538,0.098756809707622,446
"1537",3174,21.9943,10.2377775,0.0969757951050736,447
"1538",3175,21.94847,10.2091296,0.0966687925879582,447
"1539",3176,21.9943,10.2377775,0.0970907960479669,447
"1540",3177,21.99545,10.2377775,0.0969577949574902,447
"1541",3178,19.72653,10.7849522,0.0919807541507055,448
"1542",3179,19.76721,10.7534395,0.0915397505349144,448
"1543",3180,10.63026,11.78992013,0.0973897984994896,449
"1544",3181,10.56379,11.77445027,0.0973347980485406,449
"1545",3182,10.61421,11.78017985,0.0972377972532306,449
"1546",3183,21.90836,10.8336536,0.0990308119541679,450
"1547",3184,21.91237,10.8325077,0.098756809707622,450
"1548",3185,21.92154,10.8342265,0.0986488088221221,450
"1549",3186,15.64708,13.2068448,0.0971037961545548,451
"1550",3187,15.69692,13.1925208,0.0979668032303546,451
"1551",3188,15.65166,13.2097096,0.0967227930307082,451
"1552",3190,12.70837,12.22250327,0.0975968001966977,452
"1553",3191,12.69978,12.22364919,0.0968367939654024,452
"1554",3192,21.78403,10.0939651,0.0969107945721338,453
"1555",3193,21.79491,10.1180293,0.0972587974254111,453
"1556",3194,21.78918,10.0956839,0.0963397898904633,453
"1557",3195,19.28536,11.70168463,0.0911997477472297,454
"1558",3196,19.25614,11.71142492,0.0911737475340538,454
"1559",3197,19.28421,11.69881985,0.0911327471978919,454
"1560",3198,17.3459,13.5242634,0.095757785118603,455
"1561",3199,17.3459,13.4629569,0.0958547859139131,455
"1562",3200,17.34704,13.4600921,0.0958647859959038,455
"1563",3202,17.39116,13.9866403,0.0951097798056039,456
"1564",3203,17.43184,13.9746082,0.0950327791742753,456
"1565",3204,17.38944,13.9734623,0.0949687786495347,456
"1566",3205,17.39402,13.9832026,0.0950097789856967,456
"1567",3207,20.26225,13.7855321,0.0986588089041129,457
"1568",3211,21.97368,11.30290601,0.0981318045832016,458
"1569",3212,21.97425,11.30290601,0.0981318045832016,458
"1570",3214,20.22845,13.2475248,0.099801818275653,459
"1571",3215,20.23188,13.2022611,0.0996298168654124,459
"1572",3216,20.23074,13.1988234,0.0996228168080189,459
"1573",3217,10.47842,11.68220407,0.0966037920550185,460
"1574",3218,10.46582,11.68793365,0.0973547982125221,460
"1575",3221,19.88353,13.5884347,0.0992088134136029,461
"1576",3222,19.93738,13.5477546,0.0993808148238434,461
"1577",3223,15.99486,11.36363953,0.0998938190299676,462
"1578",3224,15.99314,11.37051503,0.0997078175049401,462
"1579",3225,10.71849,11.84205929,0.0968757942851663,463
"1580",3226,10.71735,11.85867507,0.0965057912515094,463
"1581",3227,10.68182,11.85810211,0.0967147929651156,463
"1582",3229,18.52848,10.0905273,0.0893197323329731,464
"1583",3231,17.19292,13.3059665,0.0958297857089362,465
"1584",3232,17.19406,13.3042476,0.095509783085233,465
"1585",3234,21.31019,10.7906817,0.090020738080523,466
"1586",3235,21.31076,10.7906817,0.090020738080523,466
"1587",3238,19.23093,13.0458436,0.0901057387774442,467
"1588",3239,19.23837,13.0504273,0.0901917394825645,467
"1589",3240,19.2441,13.0395411,0.0899847377853564,467
"1590",3241,19.66236,12.8602053,0.0898457366456853,468
"1591",3242,19.70304,12.86364304,0.0902247397531339,468
"1592",3243,13.45551,10.7500017,0.0955227831918209,469
"1593",3244,13.46754,10.73224,0.0960007871109777,469
"1594",3245,13.49333,10.7998491,0.095206780600914,469
"1595",3250,19.0768,13.7482899,0.0995208159717135,470
"1596",3251,19.08196,13.7374037,0.0994798156355515,470
"1597",3257,17.16828,13.7608949,0.0941267717459155,471
"1598",3258,17.16484,13.7608949,0.0941737721312719,471
"1599",3263,17.4708,11.19690882,0.0965767918336435,472
"1600",3264,17.47023,11.19690882,0.0965057912515094,472
"1601",3265,16.46984,13.611353,0.0931507637436205,473
"1602",3266,16.4475,13.6153637,0.093514766728083,473
"1603",3273,18.53707,10.1105808,0.089565734349945,464
"1604",3275,19.48245,13.1736132,0.0897837361373428,474
"1605",3276,19.47673,13.1879372,0.0894047330298943,474
"1606",3280,15.66885,11.38483897,0.0993798148156443,475
"1607",3281,15.63447,11.41635165,0.0997788180870743,475
"1608",3288,18.51931,10.5070676,0.090969745861443,476
"1609",3289,18.51301,10.5122243,0.0909707458696421,476
"1610",3303,18.21335,12.23338947,0.0944427743368224,477
"1611",3304,18.24028,12.21562778,0.0941967723198506,477
"1612",3306,11.36078,12.18239622,0.0977278012707762,478
"1613",3309,14.54757,10.7941195,0.0926027592505287,479
"1614",3311,18.54395,10.6136378,0.0914037494198406,480
"1615",3313,10.1822,11.32238657,0.0958147855859502,481
"1616",3325,16.89269,12.9982881,0.0920547547574369,482
"1617",3326,16.88295,13.0103202,0.0918957534537843,482
"1618",3328,10.52942,11.59969815,0.0975147995243737,483
"1619",3330,13.424,12.008217055,0.0982298053867107,484
"1620",3331,13.40223,12.007644097,0.0983508063787985,484
"1621",3332,16.08424,12.99026672,0.0968237938588145,485
"1622",3334,13.46525,10.8668851,0.0954237823801127,469
"1623",3342,10.48988,11.58995786,0.097284797638587,483
"1624",3344,13.19596,12.48606386,0.0983418063050068,486
"1625",3353,17.88562,12.81436867,0.0955407833394042,487
"1626",3354,17.91255,12.78285599,0.0953767819947563,487
"1627",3356,21.16008,10.7637527,0.0902697401220921,488
"1628",3363,18.80407,12.77712642,0.0907137437624804,489
"1629",3385,16.61537,13.6548978,0.0942257725576237,490
"1630",3402,19.84571,10.8623015,0.0916637515515994,491
"1631",3407,15.14001,11.61001139,0.0996478170129958,492
"1632",3408,16.31343,13.9064262,0.093735768540078,493
"1633",3409,16.59589,13.5259823,0.0934807664493145,490
"1634",3410,13.25326,12.4786154,0.0985268078218353,486
"1635",3418,19.02982,13.7368307,0.0994408153157877,470
"1636",3422,21.1956,10.8187567,0.0898207364407085,488
"1637",3430,18.69693,10.9299105,0.0930727631040929,494
"1638",3442,15.13256,11.60428181,0.0991638130446446,492
"1639",3449,16.32775,13.8697569,0.0934207659573702,493
"1640",3453,18.65625,10.9075651,0.0931497637354215,494
"1641",3459,20.25251,13.7689164,0.0982008051489376,457
"1642",3464,13.44634,10.841102,0.0952107806337103,469
"1643",3470,20.39861,11.66558829,0.0919867541998999,495
"1644",3481,10.161,11.31722995,0.0958687860287001,481
"1645",3485,21.97654,10.3071054,0.0971347964087261,447
"1646",3492,14.58653,10.760315,0.0930367628089262,479
"1647",3503,18.53478,10.6623392,0.0915577506824977,480
"1648",3513,21.10335,10.7580231,0.0902367398515227,488
"1649",3519,18.62073,10.8857927,0.0931347636124354,494
"1650",3534,20.46966,11.6587128,0.0911967477226325,495
"1651",3542,16.65605,12.85504868,0.0969157946131292,496
"1652",3549,18.84876,12.76222951,0.0908347447545682,489
"1653",3560,16.70762,12.89859347,0.0968067937194303,496
"1654",3562,19.80675,10.828497,0.0913717491574702,491
"1655",3563,16.58615,13.5867158,0.0937387685646753,490
"1656",3570,16.04929,12.92896023,0.097146796507115,485
"1657",3572,14.66273,10.1970975,0.0829386800146903,497
"1658",3573,14.73149,10.2045459,0.0831976821382501,497
"1659",3574,14.65872,10.1970975,0.0831036813675373,497
"1660",3575,14.66846,10.202827,0.0832876828761666,497
"1661",3576,14.49142,10.148969,0.0829316799572968,498
"1662",3577,14.56304,10.1862113,0.08275567851426,498
"1663",3578,18.06897,13.230336,0.0830616810231762,499
"1664",3579,18.03803,13.2091366,0.08315468178569,499
"1665",3581,18.0873,13.257265,0.0833806836386804,499
"1666",3582,18.16752,13.2108555,0.0831726819332733,500
"1667",3583,15.55311,11.24274544,0.081324666781387,501
"1668",3584,15.54051,11.23185924,0.0814966681916275,501
"1669",3585,15.5216,11.19003332,0.0815936689869375,501
"1670",3586,15.54681,11.24790206,0.0820036723485573,501
"1671",3587,15.55196,11.24790206,0.0810696646906234,501
"1672",3589,15.79547,11.973839587,0.0788516465050802,502
"1673",3590,15.79834,11.980142123,0.0791826492189733,502
"1674",3591,15.79089,11.97040184,0.0787866459721405,502
"1675",3593,18.64307,10.3506502,0.0806116609354481,503
"1676",3594,12.04604,10.7098947,0.0879307209444611,504
"1677",3595,12.0426,10.7093217,0.0880367218135628,504
"1678",3596,15.00765,10.2532473,0.0824586760791354,505
"1679",3597,15.00594,10.2521014,0.0822546744065245,505
"1680",3599,19.29968,11.47593926,0.0804646597301844,506
"1681",3600,14.51663,10.7007274,0.0833976837780646,507
"1682",3601,14.51491,10.7288023,0.083292682917162,507
"1683",3602,15.55025,11.53037025,0.0791206487106308,508
"1684",3604,20.20438,13.5867158,0.0880767221415257,509
"1685",3605,20.18777,13.6027586,0.0883777246094466,509
"1686",3607,16.7059,10.3878924,0.0800936566883285,510
"1687",3608,16.73799,10.4171133,0.0801076568031155,510
"1688",3609,16.70819,10.3850276,0.0799656556388472,510
"1689",3611,18.46431,10.4795657,0.0809086633705727,511
"1690",3612,18.4305,10.4136755,0.0807776622964942,511
"1691",3613,20.59285,13.8479845,0.0871637146557724,512
"1692",3614,20.59571,13.8451197,0.0871427144835918,512
"1693",3615,14.39172,10.1100079,0.082975680318056,498
"1694",3616,14.44673,10.0515662,0.0833546834255045,498
"1695",3619,18.30961,13.2836211,0.081586668929544,513
"1696",3620,18.30904,13.2836211,0.081586668929544,513
"1697",3627,18.55942,12.82067121,0.0839176880415824,514
"1698",3628,18.54452,12.78228304,0.0841796901897395,514
"1699",3630,17.61117,13.7975642,0.0852966993481037,515
"1700",3631,17.64154,13.7855321,0.0854847008895293,515
"1701",3638,15.24371,11.70741421,0.0871467145163881,516
"1702",3639,15.21793,11.70512238,0.0870167134505087,516
"1703",3663,19.38964,13.0435518,0.082536676718663,517
"1704",3664,17.65185,13.8330876,0.0854207003647887,515
"1705",3665,15.62244,11.52750546,0.0788046461197238,508
"1706",3666,19.44407,13.0641783,0.0827246782600887,517
"1707",3668,17.98073,10.352369,0.085754703103279,518
"1708",3673,17.99678,10.4165403,0.0856957026195337,518
"1709",3679,17.22615,13.2343467,0.0851546981838354,519
"1710",3680,17.225,13.2343467,0.0852356988479602,519
"1711",3682,21.39671,10.9917899,0.0819516719222055,520
"1712",3684,18.45113,10.1163104,0.081132665207165,521
"1713",3685,18.4391,10.0899544,0.0809746639117115,521
"1714",3689,17.15739,13.2160121,0.0851436980936455,519
"1715",3691,19.36385,11.52062997,0.0805106601073418,506
"1716",3702,18.44998,10.5225375,0.0803656589184763,511
"1717",3705,18.16408,13.2366386,0.0823856754806031,500
"1718",3706,20.8587,11.3097815,0.0838856877792121,522
"1719",3709,18.84762,12.96047291,0.0830666810641716,523
"1720",3715,21.4477,13.8812161,0.0849066961504653,403
"1721",3725,18.82814,13.0326656,0.0830026805394309,523
"1722",3728,19.23093,11.49541983,0.0801706573196571,506
"1723",3733,18.06152,13.1982504,0.0834676843519997,499
"1724",3739,21.35488,10.9276187,0.0819666720451916,520
"1725",3741,20.86443,11.28457136,0.0830706810969679,522
"1726",3750,20.88219,11.32582432,0.0843166913130124,522
"1727",3758,18.57374,10.3432017,0.0811086650103873,503
"1728",3760,14.43183,10.0991217,0.0833426833271156,498
"1729",3764,19.31859,11.49427391,0.0805906607632676,506
"1730",3770,10.18736,12.63904359,0.0996718172097735,524
"1731",3771,10.18335,12.63388697,0.0990068117573902,524
"1732",3772,11.46907,13.1741862,0.0990228118885753,525
"1733",3773,11.42037,13.1340791,0.099609816701431,525
"1734",3774,11.4937,13.1816346,0.0987048092812702,525
"1735",3775,11.42781,13.1965315,0.0990788123477234,525
"1736",3776,11.52808,13.2503896,0.0990268119213716,526
"1737",3777,11.65127,13.1993963,0.0990618122083392,527
"1738",3778,11.39114,13.1707484,0.0995538162422829,525
"1739",3779,10.20455,11.69022548,0.097133796400527,528
"1740",3781,10.22403,11.67189083,0.0969597949738884,528
"1741",3782,10.20512,11.6885066,0.0973517981879249,528
"1742",3783,12.19672,13.6531789,0.0990008117081957,529
"1743",3784,12.24543,13.611353,0.0988128101667701,529
"1744",3785,12.18928,13.6577625,0.0988728106587144,529
"1745",3786,12.18297,13.6697947,0.0992488137415658,529
"1746",3787,11.30234,13.3099772,0.0994648155125655,525
"1747",3788,11.30062,13.2486707,0.0989258110932653,525
"1748",3789,11.30807,13.3031017,0.0993548146106675,525
"1749",3790,11.29432,13.2962262,0.0988188102159645,525
"1750",3791,12.7565,13.9259068,0.0990718122903299,530
"1751",3792,12.75994,13.8519952,0.0991028125445011,531
"1752",3794,12.75593,13.9270527,0.0988368103635478,530
"1753",3795,12.75994,13.8508493,0.0994968157749358,531
"1754",3797,11.11727,13.7557383,0.0987538096830248,532
"1755",3798,11.12185,13.747144,0.0994228151682044,532
"1756",3800,10.47097,12.27120468,0.0983888066903633,533
"1757",3801,10.52598,12.27693426,0.0988228102487608,533
"1758",3802,11.09092,12.62471964,0.099472815578158,534
"1759",3803,11.12701,12.64649204,0.0993358144548851,534
"1760",3804,11.10925,12.63904359,0.0992778139793389,534
"1761",3805,11.08347,12.63675176,0.0994738155863571,534
"1762",3806,11.65012,13.1988234,0.0991058125690984,527
"1763",3807,11.51204,13.2744538,0.0990928124625104,526
"1764",3810,11.8031,13.3265929,0.0995198159635145,535
"1765",3811,11.69195,13.3592515,0.0991468129052603,536
"1766",3812,10.97059,13.2217417,0.0997878181608659,537
"1767",3813,10.98377,13.20398,0.0995518162258848,537
"1768",3815,11.35218,13.1982504,0.0988828107407052,525
"1769",3817,10.11517,13.3856076,0.0910537465501651,538
"1770",3819,11.21582,12.26261032,0.0982908058868541,539
"1771",3820,11.20379,12.28953933,0.0985578080760065,539
"1772",3821,11.15165,12.28380975,0.0985168077398446,539
"1773",3822,10.80501,13.2377845,0.0988888107898996,540
"1774",3823,10.80386,13.2435141,0.0992678138973481,540
"1775",3827,11.69137,13.3592515,0.0991758131430334,536
"1776",3828,13.13007,13.9935158,0.0989278111096634,541
"1777",3829,13.12893,13.9929429,0.0987308094944461,541
"1778",3831,11.08289,13.1237659,0.0995378161110978,542
"1779",3832,11.18431,12.43736244,0.0984728073790854,543
"1780",3833,11.19347,12.44080019,0.098453807223303,543
"1781",3839,11.15738,12.58575851,0.0985968083957704,534
"1782",3841,11.57392,13.2463788,0.0999838197678842,526
"1783",3842,10.17762,12.60008246,0.0954917829376497,544
"1784",3843,10.19653,12.57659119,0.0956017838395477,544
"1785",3845,10.15184,13.3558138,0.0917427521993262,538
"1786",3849,11.85008,13.3426358,0.0987378095518396,535
"1787",3850,10.86861,13.1638729,0.0997958182264585,540
"1788",3855,11.54011,13.2618487,0.0995058158487274,526
"1789",3858,11.05768,13.1209011,0.0997488178411021,542
"1790",3860,11.39687,12.15775904,0.098302805985243,478
"1791",3868,10.80558,13.1942397,0.0998938190299676,540
"1792",3873,11.70856,13.40738,0.0987738098470062,536
"1793",3875,10.76605,13.2377845,0.0996528170539911,540
"1794",3881,15.54853,11.87700972,0.0781256405525535,545
"1795",3882,15.53535,11.901073947,0.0780576399950165,545
"1796",3883,15.57947,11.86325873,0.078352642413743,545
"1797",3884,15.54566,11.87471789,0.0783086420529838,545
"1798",3885,15.92954,12.2247951,0.0788956468658394,546
"1799",3886,15.90892,12.21906552,0.0788576465542747,546
"1800",3888,16.30426,12.54335964,0.0785556440781547,547
"1801",3889,16.35582,12.54565147,0.078421642979479,547
"1802",3895,16.18336,13.4572273,0.0783096420611828,548
"1803",3896,16.18165,13.5059287,0.078422642987678,548
